round,participantID,cost,demand,order,price,profit,sales,mode
1,1,3,281,150,12,1350,150,risk-averse
2,1,3,260,150,12,1350,150,risk-averse
3,1,3,13,180,12,-384,13,risk-averse
4,1,3,275,150,12,1350,150,risk-averse
5,1,3,106,150,12,822,106,risk-averse
6,1,3,155,110,12,990,110,risk-averse
7,1,3,233,150,12,1350,150,risk-averse
8,1,3,12,110,12,-186,12,risk-averse
9,1,3,167,150,12,1350,150,risk-averse
10,1,3,146,120,12,1080,120,risk-averse
11,1,3,87,100,12,744,87,risk-averse
12,1,3,180,110,12,990,110,risk-averse
13,1,3,188,140,12,1260,140,risk-averse
14,1,3,77,145,12,489,77,risk-averse
15,1,3,80,120,12,600,80,risk-averse
16,1,9,210,150,12,450,150,risk-averse
17,1,9,157,80,12,240,80,risk-averse
18,1,9,172,120,12,360,120,risk-averse
19,1,9,80,150,12,-390,80,risk-averse
20,1,9,82,150,12,-366,82,risk-averse
21,1,9,236,150,12,450,150,risk-averse
22,1,9,2,120,12,-1056,2,risk-averse
23,1,9,233,150,12,450,150,risk-averse
24,1,9,244,150,12,450,150,risk-averse
25,1,9,208,150,12,450,150,risk-averse
26,1,9,9,160,12,-1332,9,risk-averse
27,1,9,122,150,12,114,122,risk-averse
28,1,9,252,120,12,360,120,risk-averse
29,1,9,240,120,12,360,120,risk-averse
30,1,9,107,120,12,204,107,risk-averse
1,4,3,281,180,12,1620,180,risk-averse
2,4,3,260,170,12,1530,170,risk-averse
3,4,3,13,150,12,-294,13,risk-averse
5,4,3,106,120,12,912,106,risk-averse
6,4,3,155,150,12,1350,150,risk-averse
7,4,3,233,120,12,1080,120,risk-averse
8,4,3,12,150,12,-306,12,risk-averse
9,4,3,167,150,12,1350,150,risk-averse
10,4,3,146,180,12,1212,146,risk-averse
11,4,3,87,120,12,684,87,risk-averse
12,4,3,180,155,12,1395,155,risk-averse
13,4,3,188,150,12,1350,150,risk-averse
14,4,3,77,140,12,504,77,risk-averse
15,4,3,80,80,12,720,80,risk-averse
16,4,9,210,85,12,255,85,risk-averse
17,4,9,157,120,12,360,120,risk-averse
18,4,9,172,120,12,360,120,risk-averse
19,4,9,80,95,12,105,80,risk-averse
20,4,9,82,180,12,-636,82,risk-averse
21,4,9,236,150,12,450,150,risk-averse
22,4,9,2,145,12,-1281,2,risk-averse
23,4,9,233,150,12,450,150,risk-averse
24,4,9,244,180,12,540,180,risk-averse
25,4,9,208,170,12,510,170,risk-averse
26,4,9,9,120,12,-972,9,risk-averse
27,4,9,122,180,12,-156,122,risk-averse
28,4,9,252,180,12,540,180,risk-averse
29,4,9,240,150,12,450,150,risk-averse
30,4,9,107,130,12,114,107,risk-averse
1,6,3,281,150,12,1350,150,risk-averse
2,6,3,260,120,12,1080,120,risk-averse
3,6,3,13,120,12,-204,13,risk-averse
4,6,3,275,150,12,1350,150,risk-averse
5,6,3,106,160,12,792,106,risk-averse
6,6,3,155,150,12,1350,150,risk-averse
7,6,3,233,170,12,1530,170,risk-averse
8,6,3,12,150,12,-306,12,risk-averse
9,6,3,167,120,12,1080,120,risk-averse
10,6,3,146,150,12,1302,146,risk-averse
12,6,3,180,150,12,1350,150,risk-averse
13,6,3,188,160,12,1440,160,risk-averse
14,6,3,77,120,12,564,77,risk-averse
15,6,3,80,180,12,420,80,risk-averse
16,6,9,210,100,12,300,100,risk-averse
17,6,9,157,120,12,360,120,risk-averse
18,6,9,172,120,12,360,120,risk-averse
19,6,9,80,165,12,-525,80,risk-averse
20,6,9,82,150,12,-366,82,risk-averse
21,6,9,236,150,12,450,150,risk-averse
22,6,9,2,95,12,-831,2,risk-averse
23,6,9,233,140,12,420,140,risk-averse
24,6,9,244,150,12,450,150,risk-averse
25,6,9,208,150,12,450,150,risk-averse
26,6,9,9,150,12,-1242,9,risk-averse
27,6,9,122,150,12,114,122,risk-averse
28,6,9,252,150,12,450,150,risk-averse
29,6,9,240,90,12,270,90,risk-averse
30,6,9,107,150,12,-66,107,risk-averse
1,8,9,210,120,12,360,120,risk-averse
2,8,9,157,180,12,264,157,risk-averse
3,8,9,172,180,12,444,172,risk-averse
4,8,9,80,150,12,-390,80,risk-averse
5,8,9,82,180,12,-636,82,risk-averse
6,8,9,236,150,12,450,150,risk-averse
7,8,9,2,110,12,-966,2,risk-averse
8,8,9,233,100,12,300,100,risk-averse
9,8,9,244,150,12,450,150,risk-averse
10,8,9,208,80,12,240,80,risk-averse
11,8,9,9,150,12,-1242,9,risk-averse
12,8,9,122,180,12,-156,122,risk-averse
13,8,9,252,100,12,300,100,risk-averse
14,8,9,240,150,12,450,150,risk-averse
15,8,9,107,180,12,-336,107,risk-averse
16,8,3,281,150,12,1350,150,risk-averse
17,8,3,260,120,12,1080,120,risk-averse
18,8,3,13,150,12,-294,13,risk-averse
19,8,3,275,160,12,1440,160,risk-averse
20,8,3,106,130,12,882,106,risk-averse
21,8,3,155,130,12,1170,130,risk-averse
22,8,3,233,160,12,1440,160,risk-averse
23,8,3,12,150,12,-306,12,risk-averse
24,8,3,167,150,12,1350,150,risk-averse
25,8,3,146,150,12,1302,146,risk-averse
26,8,3,87,150,12,594,87,risk-averse
27,8,3,180,150,12,1350,150,risk-averse
28,8,3,188,120,12,1080,120,risk-averse
29,8,3,77,180,12,384,77,risk-averse
30,8,3,80,160,12,480,80,risk-averse
1,9,9,210,180,12,540,180,risk-averse
2,9,9,157,180,12,264,157,risk-averse
3,9,9,172,180,12,444,172,risk-averse
4,9,9,80,80,12,240,80,risk-averse
5,9,9,82,150,12,-366,82,risk-averse
6,9,9,236,110,12,330,110,risk-averse
7,9,9,2,150,12,-1326,2,risk-averse
8,9,9,233,150,12,450,150,risk-averse
9,9,9,244,100,12,300,100,risk-averse
10,9,9,208,90,12,270,90,risk-averse
11,9,9,9,150,12,-1242,9,risk-averse
12,9,9,122,140,12,204,122,risk-averse
13,9,9,252,150,12,450,150,risk-averse
14,9,9,240,120,12,360,120,risk-averse
15,9,9,107,150,12,-66,107,risk-averse
16,9,3,281,120,12,1080,120,risk-averse
17,9,3,260,180,12,1620,180,risk-averse
18,9,3,13,120,12,-204,13,risk-averse
19,9,3,275,80,12,720,80,risk-averse
20,9,3,106,150,12,822,106,risk-averse
21,9,3,155,100,12,900,100,risk-averse
22,9,3,233,110,12,990,110,risk-averse
23,9,3,12,120,12,-216,12,risk-averse
24,9,3,167,150,12,1350,150,risk-averse
25,9,3,146,150,12,1302,146,risk-averse
26,9,3,87,150,12,594,87,risk-averse
27,9,3,180,120,12,1080,120,risk-averse
28,9,3,188,170,12,1530,170,risk-averse
29,9,3,77,100,12,624,77,risk-averse
30,9,3,80,180,12,420,80,risk-averse
1,13,3,281,150,12,1350,150,risk-averse
2,13,3,260,120,12,1080,120,risk-averse
3,13,3,13,150,12,-294,13,risk-averse
4,13,3,275,150,12,1350,150,risk-averse
5,13,3,106,100,12,900,100,risk-averse
7,13,3,233,175,12,1575,175,risk-averse
8,13,3,12,150,12,-306,12,risk-averse
9,13,3,167,150,12,1350,150,risk-averse
10,13,3,146,150,12,1302,146,risk-averse
11,13,3,87,150,12,594,87,risk-averse
12,13,3,180,160,12,1440,160,risk-averse
13,13,3,188,180,12,1620,180,risk-averse
14,13,3,77,165,12,429,77,risk-averse
15,13,3,80,150,12,510,80,risk-averse
16,13,9,210,120,12,360,120,risk-averse
17,13,9,157,130,12,390,130,risk-averse
18,13,9,172,120,12,360,120,risk-averse
19,13,9,80,120,12,-120,80,risk-averse
20,13,9,82,170,12,-546,82,risk-averse
21,13,9,236,110,12,330,110,risk-averse
22,13,9,2,150,12,-1326,2,risk-averse
23,13,9,233,110,12,330,110,risk-averse
24,13,9,244,180,12,540,180,risk-averse
25,13,9,208,120,12,360,120,risk-averse
26,13,9,9,85,12,-657,9,risk-averse
27,13,9,122,150,12,114,122,risk-averse
28,13,9,252,150,12,450,150,risk-averse
29,13,9,240,150,12,450,150,risk-averse
30,13,9,107,120,12,204,107,risk-averse
1,16,3,281,180,12,1620,180,risk-averse
2,16,3,260,100,12,900,100,risk-averse
3,16,3,13,180,12,-384,13,risk-averse
4,16,3,275,185,12,1665,185,risk-averse
5,16,3,106,85,12,765,85,risk-averse
6,16,3,155,150,12,1350,150,risk-averse
7,16,3,233,150,12,1350,150,risk-averse
8,16,3,12,100,12,-156,12,risk-averse
9,16,3,167,150,12,1350,150,risk-averse
10,16,3,146,150,12,1302,146,risk-averse
11,16,3,87,170,12,534,87,risk-averse
12,16,3,180,100,12,900,100,risk-averse
14,16,3,77,150,12,474,77,risk-averse
15,16,3,80,170,12,450,80,risk-averse
16,16,9,210,150,12,450,150,risk-averse
17,16,9,157,75,12,225,75,risk-averse
18,16,9,172,130,12,390,130,risk-averse
19,16,9,80,150,12,-390,80,risk-averse
20,16,9,82,100,12,84,82,risk-averse
21,16,9,236,150,12,450,150,risk-averse
22,16,9,2,150,12,-1326,2,risk-averse
23,16,9,233,130,12,390,130,risk-averse
24,16,9,244,150,12,450,150,risk-averse
25,16,9,208,180,12,540,180,risk-averse
26,16,9,9,160,12,-1332,9,risk-averse
27,16,9,122,150,12,114,122,risk-averse
28,16,9,252,120,12,360,120,risk-averse
29,16,9,240,120,12,360,120,risk-averse
30,16,9,107,110,12,294,107,risk-averse
1,17,3,281,180,12,1620,180,risk-averse
2,17,3,260,180,12,1620,180,risk-averse
3,17,3,13,120,12,-204,13,risk-averse
4,17,3,275,200,12,1800,200,risk-averse
5,17,3,106,120,12,912,106,risk-averse
6,17,3,155,150,12,1350,150,risk-averse
7,17,3,233,150,12,1350,150,risk-averse
8,17,3,12,150,12,-306,12,risk-averse
9,17,3,167,150,12,1350,150,risk-averse
10,17,3,146,180,12,1212,146,risk-averse
11,17,3,87,180,12,504,87,risk-averse
12,17,3,180,150,12,1350,150,risk-averse
13,17,3,188,150,12,1350,150,risk-averse
14,17,3,77,130,12,534,77,risk-averse
15,17,3,80,180,12,420,80,risk-averse
16,17,9,210,150,12,450,150,risk-averse
17,17,9,157,150,12,450,150,risk-averse
18,17,9,172,150,12,450,150,risk-averse
19,17,9,80,120,12,-120,80,risk-averse
20,17,9,82,150,12,-366,82,risk-averse
21,17,9,236,170,12,510,170,risk-averse
22,17,9,2,150,12,-1326,2,risk-averse
23,17,9,233,180,12,540,180,risk-averse
24,17,9,244,160,12,480,160,risk-averse
25,17,9,208,120,12,360,120,risk-averse
26,17,9,9,150,12,-1242,9,risk-averse
27,17,9,122,160,12,24,122,risk-averse
28,17,9,252,180,12,540,180,risk-averse
29,17,9,240,180,12,540,180,risk-averse
30,17,9,107,180,12,-336,107,risk-averse
1,25,9,210,160,12,480,160,risk-averse
2,25,9,157,150,12,450,150,risk-averse
3,25,9,172,150,12,450,150,risk-averse
4,25,9,80,80,12,240,80,risk-averse
5,25,9,82,150,12,-366,82,risk-averse
6,25,9,236,170,12,510,170,risk-averse
7,25,9,2,180,12,-1596,2,risk-averse
8,25,9,233,150,12,450,150,risk-averse
9,25,9,244,150,12,450,150,risk-averse
10,25,9,208,150,12,450,150,risk-averse
11,25,9,9,150,12,-1242,9,risk-averse
12,25,9,122,180,12,-156,122,risk-averse
13,25,9,252,120,12,360,120,risk-averse
14,25,9,240,100,12,300,100,risk-averse
15,25,9,107,120,12,204,107,risk-averse
16,25,3,281,170,12,1530,170,risk-averse
17,25,3,260,190,12,1710,190,risk-averse
18,25,3,13,110,12,-174,13,risk-averse
19,25,3,275,120,12,1080,120,risk-averse
20,25,3,106,150,12,822,106,risk-averse
21,25,3,155,150,12,1350,150,risk-averse
22,25,3,233,120,12,1080,120,risk-averse
23,25,3,12,150,12,-306,12,risk-averse
24,25,3,167,150,12,1350,150,risk-averse
25,25,3,146,170,12,1242,146,risk-averse
26,25,3,87,150,12,594,87,risk-averse
27,25,3,180,150,12,1350,150,risk-averse
28,25,3,188,150,12,1350,150,risk-averse
29,25,3,77,120,12,564,77,risk-averse
30,25,3,80,180,12,420,80,risk-averse
1,27,9,210,150,12,450,150,risk-averse
2,27,9,157,150,12,450,150,risk-averse
3,27,9,172,160,12,480,160,risk-averse
4,27,9,80,150,12,-390,80,risk-averse
5,27,9,82,110,12,-6,82,risk-averse
6,27,9,236,120,12,360,120,risk-averse
7,27,9,2,150,12,-1326,2,risk-averse
8,27,9,233,150,12,450,150,risk-averse
9,27,9,244,180,12,540,180,risk-averse
10,27,9,208,130,12,390,130,risk-averse
11,27,9,9,120,12,-972,9,risk-averse
12,27,9,122,150,12,114,122,risk-averse
13,27,9,252,150,12,450,150,risk-averse
14,27,9,240,120,12,360,120,risk-averse
15,27,9,107,150,12,-66,107,risk-averse
16,27,3,281,175,12,1575,175,risk-averse
17,27,3,260,140,12,1260,140,risk-averse
18,27,3,13,145,12,-279,13,risk-averse
19,27,3,275,150,12,1350,150,risk-averse
20,27,3,106,150,12,822,106,risk-averse
21,27,3,155,110,12,990,110,risk-averse
22,27,3,233,110,12,990,110,risk-averse
23,27,3,12,120,12,-216,12,risk-averse
24,27,3,167,150,12,1350,150,risk-averse
25,27,3,146,150,12,1302,146,risk-averse
26,27,3,87,180,12,504,87,risk-averse
27,27,3,180,122,12,1098,122,risk-averse
28,27,3,188,120,12,1080,120,risk-averse
29,27,3,77,140,12,504,77,risk-averse
30,27,3,80,170,12,450,80,risk-averse
1,32,3,281,120,12,1080,120,risk-averse
2,32,3,260,180,12,1620,180,risk-averse
3,32,3,13,120,12,-204,13,risk-averse
4,32,3,275,120,12,1080,120,risk-averse
5,32,3,106,100,12,900,100,risk-averse
6,32,3,155,170,12,1350,155,risk-averse
7,32,3,233,180,12,1620,180,risk-averse
8,32,3,12,150,12,-306,12,risk-averse
9,32,3,167,150,12,1350,150,risk-averse
10,32,3,146,150,12,1302,146,risk-averse
11,32,3,87,120,12,684,87,risk-averse
12,32,3,180,110,12,990,110,risk-averse
13,32,3,188,180,12,1620,180,risk-averse
14,32,3,77,180,12,384,77,risk-averse
15,32,3,80,140,12,540,80,risk-averse
16,32,9,210,110,12,330,110,risk-averse
17,32,9,157,170,12,354,157,risk-averse
18,32,9,172,120,12,360,120,risk-averse
19,32,9,80,140,12,-300,80,risk-averse
20,32,9,82,180,12,-636,82,risk-averse
21,32,9,236,160,12,480,160,risk-averse
22,32,9,2,125,12,-1101,2,risk-averse
23,32,9,233,180,12,540,180,risk-averse
24,32,9,244,120,12,360,120,risk-averse
25,32,9,208,180,12,540,180,risk-averse
26,32,9,9,120,12,-972,9,risk-averse
28,32,9,252,170,12,510,170,risk-averse
29,32,9,240,180,12,540,180,risk-averse
30,32,9,107,150,12,-66,107,risk-averse
1,37,3,281,150,12,1350,150,risk-averse
2,37,3,260,180,12,1620,180,risk-averse
3,37,3,13,110,12,-174,13,risk-averse
4,37,3,275,150,12,1350,150,risk-averse
5,37,3,106,150,12,822,106,risk-averse
6,37,3,155,150,12,1350,150,risk-averse
7,37,3,233,120,12,1080,120,risk-averse
8,37,3,12,100,12,-156,12,risk-averse
9,37,3,167,150,12,1350,150,risk-averse
10,37,3,146,150,12,1302,146,risk-averse
11,37,3,87,150,12,594,87,risk-averse
12,37,3,180,150,12,1350,150,risk-averse
13,37,3,188,100,12,900,100,risk-averse
15,37,3,80,100,12,660,80,risk-averse
16,37,9,210,100,12,300,100,risk-averse
17,37,9,157,120,12,360,120,risk-averse
18,37,9,172,140,12,420,140,risk-averse
19,37,9,80,150,12,-390,80,risk-averse
20,37,9,82,170,12,-546,82,risk-averse
21,37,9,236,120,12,360,120,risk-averse
22,37,9,2,160,12,-1416,2,risk-averse
23,37,9,233,150,12,450,150,risk-averse
24,37,9,244,150,12,450,150,risk-averse
25,37,9,208,150,12,450,150,risk-averse
26,37,9,9,150,12,-1242,9,risk-averse
27,37,9,122,180,12,-156,122,risk-averse
28,37,9,252,170,12,510,170,risk-averse
29,37,9,240,140,12,420,140,risk-averse
30,37,9,107,150,12,-66,107,risk-averse
1,41,9,210,150,12,450,150,risk-averse
2,41,9,157,180,12,264,157,risk-averse
3,41,9,172,120,12,360,120,risk-averse
4,41,9,80,170,12,-570,80,risk-averse
5,41,9,82,150,12,-366,82,risk-averse
6,41,9,236,180,12,540,180,risk-averse
7,41,9,2,110,12,-966,2,risk-averse
8,41,9,233,100,12,300,100,risk-averse
9,41,9,244,150,12,450,150,risk-averse
10,41,9,208,160,12,480,160,risk-averse
11,41,9,9,140,12,-1152,9,risk-averse
12,41,9,122,85,12,255,85,risk-averse
13,41,9,252,85,12,255,85,risk-averse
14,41,9,240,170,12,510,170,risk-averse
15,41,9,107,150,12,-66,107,risk-averse
16,41,3,281,110,12,990,110,risk-averse
17,41,3,260,120,12,1080,120,risk-averse
18,41,3,13,150,12,-294,13,risk-averse
19,41,3,275,120,12,1080,120,risk-averse
20,41,3,106,120,12,912,106,risk-averse
21,41,3,155,150,12,1350,150,risk-averse
22,41,3,233,150,12,1350,150,risk-averse
23,41,3,12,150,12,-306,12,risk-averse
24,41,3,167,150,12,1350,150,risk-averse
25,41,3,146,150,12,1302,146,risk-averse
26,41,3,87,150,12,594,87,risk-averse
27,41,3,180,120,12,1080,120,risk-averse
28,41,3,188,125,12,1125,125,risk-averse
29,41,3,77,130,12,534,77,risk-averse
30,41,3,80,120,12,600,80,risk-averse
2,43,3,260,120,12,1080,120,risk-averse
3,43,3,13,100,12,-144,13,risk-averse
4,43,3,275,85,12,765,85,risk-averse
5,43,3,106,120,12,912,106,risk-averse
6,43,3,155,150,12,1350,150,risk-averse
7,43,3,233,120,12,1080,120,risk-averse
8,43,3,12,150,12,-306,12,risk-averse
9,43,3,167,180,12,1464,167,risk-averse
10,43,3,146,150,12,1302,146,risk-averse
11,43,3,87,150,12,594,87,risk-averse
12,43,3,180,120,12,1080,120,risk-averse
13,43,3,188,120,12,1080,120,risk-averse
14,43,3,77,120,12,564,77,risk-averse
15,43,3,80,180,12,420,80,risk-averse
16,43,9,210,110,12,330,110,risk-averse
17,43,9,157,90,12,270,90,risk-averse
18,43,9,172,170,12,510,170,risk-averse
19,43,9,80,150,12,-390,80,risk-averse
20,43,9,82,180,12,-636,82,risk-averse
21,43,9,236,120,12,360,120,risk-averse
22,43,9,2,150,12,-1326,2,risk-averse
23,43,9,233,120,12,360,120,risk-averse
24,43,9,244,110,12,330,110,risk-averse
25,43,9,208,150,12,450,150,risk-averse
26,43,9,9,125,12,-1017,9,risk-averse
27,43,9,122,120,12,360,120,risk-averse
28,43,9,252,170,12,510,170,risk-averse
29,43,9,240,150,12,450,150,risk-averse
30,43,9,107,100,12,300,100,risk-averse
1,45,3,281,150,12,1350,150,risk-averse
2,45,3,260,150,12,1350,150,risk-averse
3,45,3,13,120,12,-204,13,risk-averse
4,45,3,275,150,12,1350,150,risk-averse
5,45,3,106,170,12,762,106,risk-averse
6,45,3,155,180,12,1320,155,risk-averse
7,45,3,233,150,12,1350,150,risk-averse
8,45,3,12,150,12,-306,12,risk-averse
9,45,3,167,170,12,1494,167,risk-averse
10,45,3,146,110,12,990,110,risk-averse
11,45,3,87,150,12,594,87,risk-averse
12,45,3,180,150,12,1350,150,risk-averse
13,45,3,188,120,12,1080,120,risk-averse
14,45,3,77,85,12,669,77,risk-averse
15,45,3,80,180,12,420,80,risk-averse
16,45,9,210,100,12,300,100,risk-averse
17,45,9,157,120,12,360,120,risk-averse
18,45,9,172,150,12,450,150,risk-averse
19,45,9,80,150,12,-390,80,risk-averse
20,45,9,82,120,12,-96,82,risk-averse
21,45,9,236,150,12,450,150,risk-averse
22,45,9,2,180,12,-1596,2,risk-averse
23,45,9,233,100,12,300,100,risk-averse
24,45,9,244,150,12,450,150,risk-averse
25,45,9,208,120,12,360,120,risk-averse
26,45,9,9,200,12,-1692,9,risk-averse
27,45,9,122,145,12,159,122,risk-averse
28,45,9,252,150,12,450,150,risk-averse
29,45,9,240,180,12,540,180,risk-averse
30,45,9,107,150,12,-66,107,risk-averse
1,49,3,281,150,12,1350,150,risk-averse
2,49,3,260,180,12,1620,180,risk-averse
3,49,3,13,120,12,-204,13,risk-averse
4,49,3,275,120,12,1080,120,risk-averse
5,49,3,106,150,12,822,106,risk-averse
6,49,3,155,100,12,900,100,risk-averse
7,49,3,233,120,12,1080,120,risk-averse
8,49,3,12,100,12,-156,12,risk-averse
9,49,3,167,120,12,1080,120,risk-averse
10,49,3,146,120,12,1080,120,risk-averse
11,49,3,87,140,12,624,87,risk-averse
12,49,3,180,180,12,1620,180,risk-averse
13,49,3,188,100,12,900,100,risk-averse
14,49,3,77,150,12,474,77,risk-averse
15,49,3,80,125,12,585,80,risk-averse
16,49,9,210,120,12,360,120,risk-averse
17,49,9,157,120,12,360,120,risk-averse
18,49,9,172,120,12,360,120,risk-averse
19,49,9,80,150,12,-390,80,risk-averse
20,49,9,82,120,12,-96,82,risk-averse
21,49,9,236,160,12,480,160,risk-averse
22,49,9,2,120,12,-1056,2,risk-averse
23,49,9,233,150,12,450,150,risk-averse
24,49,9,244,120,12,360,120,risk-averse
25,49,9,208,125,12,375,125,risk-averse
26,49,9,9,120,12,-972,9,risk-averse
27,49,9,122,135,12,249,122,risk-averse
28,49,9,252,180,12,540,180,risk-averse
29,49,9,240,150,12,450,150,risk-averse
30,49,9,107,180,12,-336,107,risk-averse
1,58,3,281,150,12,1350,150,risk-averse
2,58,3,260,150,12,1350,150,risk-averse
3,58,3,13,150,12,-294,13,risk-averse
4,58,3,275,120,12,1080,120,risk-averse
5,58,3,106,180,12,732,106,risk-averse
6,58,3,155,120,12,1080,120,risk-averse
7,58,3,233,120,12,1080,120,risk-averse
9,58,3,167,120,12,1080,120,risk-averse
10,58,3,146,120,12,1080,120,risk-averse
11,58,3,87,90,12,774,87,risk-averse
12,58,3,180,150,12,1350,150,risk-averse
13,58,3,188,150,12,1350,150,risk-averse
14,58,3,77,150,12,474,77,risk-averse
15,58,3,80,150,12,510,80,risk-averse
16,58,9,210,130,12,390,130,risk-averse
17,58,9,157,140,12,420,140,risk-averse
18,58,9,172,180,12,444,172,risk-averse
19,58,9,80,150,12,-390,80,risk-averse
21,58,9,236,180,12,540,180,risk-averse
22,58,9,2,160,12,-1416,2,risk-averse
23,58,9,233,130,12,390,130,risk-averse
25,58,9,208,150,12,450,150,risk-averse
26,58,9,9,150,12,-1242,9,risk-averse
27,58,9,122,150,12,114,122,risk-averse
28,58,9,252,120,12,360,120,risk-averse
29,58,9,240,85,12,255,85,risk-averse
30,58,9,107,100,12,300,100,risk-averse
1,61,3,281,180,12,1620,180,risk-averse
2,61,3,260,150,12,1350,150,risk-averse
3,61,3,13,160,12,-324,13,risk-averse
4,61,3,275,150,12,1350,150,risk-averse
5,61,3,106,150,12,822,106,risk-averse
6,61,3,155,120,12,1080,120,risk-averse
7,61,3,233,150,12,1350,150,risk-averse
9,61,3,167,180,12,1464,167,risk-averse
10,61,3,146,150,12,1302,146,risk-averse
11,61,3,87,180,12,504,87,risk-averse
12,61,3,180,180,12,1620,180,risk-averse
13,61,3,188,180,12,1620,180,risk-averse
15,61,3,80,110,12,630,80,risk-averse
16,61,9,210,200,12,600,200,risk-averse
17,61,9,157,110,12,330,110,risk-averse
18,61,9,172,150,12,450,150,risk-averse
19,61,9,80,150,12,-390,80,risk-averse
20,61,9,82,100,12,84,82,risk-averse
21,61,9,236,150,12,450,150,risk-averse
22,61,9,2,170,12,-1506,2,risk-averse
23,61,9,233,150,12,450,150,risk-averse
24,61,9,244,140,12,420,140,risk-averse
25,61,9,208,150,12,450,150,risk-averse
26,61,9,9,160,12,-1332,9,risk-averse
27,61,9,122,120,12,360,120,risk-averse
28,61,9,252,150,12,450,150,risk-averse
29,61,9,240,150,12,450,150,risk-averse
30,61,9,107,150,12,-66,107,risk-averse
1,69,3,281,150,12,1350,150,risk-averse
2,69,3,260,150,12,1350,150,risk-averse
3,69,3,13,120,12,-204,13,risk-averse
4,69,3,275,120,12,1080,120,risk-averse
5,69,3,106,150,12,822,106,risk-averse
6,69,3,155,140,12,1260,140,risk-averse
7,69,3,233,180,12,1620,180,risk-averse
8,69,3,12,120,12,-216,12,risk-averse
9,69,3,167,150,12,1350,150,risk-averse
10,69,3,146,150,12,1302,146,risk-averse
11,69,3,87,150,12,594,87,risk-averse
12,69,3,180,120,12,1080,120,risk-averse
13,69,3,188,120,12,1080,120,risk-averse
14,69,3,77,120,12,564,77,risk-averse
15,69,3,80,140,12,540,80,risk-averse
16,69,9,210,150,12,450,150,risk-averse
17,69,9,157,150,12,450,150,risk-averse
18,69,9,172,170,12,510,170,risk-averse
19,69,9,80,170,12,-570,80,risk-averse
20,69,9,82,180,12,-636,82,risk-averse
21,69,9,236,90,12,270,90,risk-averse
22,69,9,2,130,12,-1146,2,risk-averse
23,69,9,233,80,12,240,80,risk-averse
24,69,9,244,180,12,540,180,risk-averse
25,69,9,208,90,12,270,90,risk-averse
26,69,9,9,120,12,-972,9,risk-averse
27,69,9,122,120,12,360,120,risk-averse
28,69,9,252,145,12,435,145,risk-averse
29,69,9,240,120,12,360,120,risk-averse
30,69,9,107,160,12,-156,107,risk-averse
1,72,9,210,150,12,450,150,risk-averse
2,72,9,157,120,12,360,120,risk-averse
3,72,9,172,150,12,450,150,risk-averse
4,72,9,80,120,12,-120,80,risk-averse
5,72,9,82,150,12,-366,82,risk-averse
7,72,9,2,170,12,-1506,2,risk-averse
8,72,9,233,150,12,450,150,risk-averse
9,72,9,244,150,12,450,150,risk-averse
10,72,9,208,120,12,360,120,risk-averse
11,72,9,9,150,12,-1242,9,risk-averse
12,72,9,122,170,12,-66,122,risk-averse
13,72,9,252,120,12,360,120,risk-averse
14,72,9,240,150,12,450,150,risk-averse
15,72,9,107,100,12,300,100,risk-averse
16,72,3,281,90,12,810,90,risk-averse
17,72,3,260,120,12,1080,120,risk-averse
18,72,3,13,140,12,-264,13,risk-averse
19,72,3,275,150,12,1350,150,risk-averse
20,72,3,106,150,12,822,106,risk-averse
21,72,3,155,130,12,1170,130,risk-averse
24,72,3,167,150,12,1350,150,risk-averse
25,72,3,146,150,12,1302,146,risk-averse
26,72,3,87,120,12,684,87,risk-averse
27,72,3,180,120,12,1080,120,risk-averse
28,72,3,188,140,12,1260,140,risk-averse
29,72,3,77,150,12,474,77,risk-averse
30,72,3,80,100,12,660,80,risk-averse
1,73,9,210,150,12,450,150,risk-averse
2,73,9,157,175,12,309,157,risk-averse
3,73,9,172,120,12,360,120,risk-averse
4,73,9,80,70,12,210,70,risk-averse
5,73,9,82,120,12,-96,82,risk-averse
6,73,9,236,150,12,450,150,risk-averse
7,73,9,2,120,12,-1056,2,risk-averse
8,73,9,233,85,12,255,85,risk-averse
9,73,9,244,150,12,450,150,risk-averse
10,73,9,208,120,12,360,120,risk-averse
11,73,9,9,170,12,-1422,9,risk-averse
12,73,9,122,180,12,-156,122,risk-averse
13,73,9,252,100,12,300,100,risk-averse
14,73,9,240,120,12,360,120,risk-averse
15,73,9,107,190,12,-426,107,risk-averse
16,73,3,281,120,12,1080,120,risk-averse
17,73,3,260,120,12,1080,120,risk-averse
18,73,3,13,120,12,-204,13,risk-averse
19,73,3,275,100,12,900,100,risk-averse
20,73,3,106,120,12,912,106,risk-averse
21,73,3,155,170,12,1350,155,risk-averse
22,73,3,233,150,12,1350,150,risk-averse
23,73,3,12,150,12,-306,12,risk-averse
24,73,3,167,130,12,1170,130,risk-averse
25,73,3,146,150,12,1302,146,risk-averse
26,73,3,87,150,12,594,87,risk-averse
27,73,3,180,170,12,1530,170,risk-averse
30,73,3,80,125,12,585,80,risk-averse
1,75,9,210,150,12,450,150,risk-averse
3,75,9,172,150,12,450,150,risk-averse
4,75,9,80,150,12,-390,80,risk-averse
5,75,9,82,180,12,-636,82,risk-averse
6,75,9,236,120,12,360,120,risk-averse
7,75,9,2,150,12,-1326,2,risk-averse
8,75,9,233,160,12,480,160,risk-averse
9,75,9,244,150,12,450,150,risk-averse
10,75,9,208,150,12,450,150,risk-averse
11,75,9,9,150,12,-1242,9,risk-averse
12,75,9,122,120,12,360,120,risk-averse
13,75,9,252,100,12,300,100,risk-averse
14,75,9,240,90,12,270,90,risk-averse
15,75,9,107,150,12,-66,107,risk-averse
16,75,3,281,120,12,1080,120,risk-averse
17,75,3,260,120,12,1080,120,risk-averse
18,75,3,13,140,12,-264,13,risk-averse
19,75,3,275,120,12,1080,120,risk-averse
20,75,3,106,160,12,792,106,risk-averse
21,75,3,155,95,12,855,95,risk-averse
22,75,3,233,150,12,1350,150,risk-averse
23,75,3,12,150,12,-306,12,risk-averse
24,75,3,167,150,12,1350,150,risk-averse
25,75,3,146,120,12,1080,120,risk-averse
27,75,3,180,120,12,1080,120,risk-averse
28,75,3,188,170,12,1530,170,risk-averse
29,75,3,77,150,12,474,77,risk-averse
30,75,3,80,125,12,585,80,risk-averse
1,76,3,281,150,12,1350,150,risk-averse
2,76,3,260,150,12,1350,150,risk-averse
3,76,3,13,180,12,-384,13,risk-averse
4,76,3,275,90,12,810,90,risk-averse
5,76,3,106,160,12,792,106,risk-averse
6,76,3,155,120,12,1080,120,risk-averse
7,76,3,233,150,12,1350,150,risk-averse
8,76,3,12,120,12,-216,12,risk-averse
9,76,3,167,175,12,1479,167,risk-averse
10,76,3,146,160,12,1272,146,risk-averse
11,76,3,87,150,12,594,87,risk-averse
12,76,3,180,120,12,1080,120,risk-averse
13,76,3,188,100,12,900,100,risk-averse
14,76,3,77,150,12,474,77,risk-averse
15,76,3,80,180,12,420,80,risk-averse
16,76,9,210,70,12,210,70,risk-averse
17,76,9,157,120,12,360,120,risk-averse
18,76,9,172,90,12,270,90,risk-averse
19,76,9,80,150,12,-390,80,risk-averse
20,76,9,82,170,12,-546,82,risk-averse
21,76,9,236,120,12,360,120,risk-averse
22,76,9,2,120,12,-1056,2,risk-averse
23,76,9,233,90,12,270,90,risk-averse
24,76,9,244,150,12,450,150,risk-averse
25,76,9,208,100,12,300,100,risk-averse
26,76,9,9,150,12,-1242,9,risk-averse
27,76,9,122,130,12,294,122,risk-averse
28,76,9,252,120,12,360,120,risk-averse
29,76,9,240,120,12,360,120,risk-averse
30,76,9,107,150,12,-66,107,risk-averse
1,78,3,281,150,12,1350,150,risk-averse
2,78,3,260,120,12,1080,120,risk-averse
4,78,3,275,175,12,1575,175,risk-averse
5,78,3,106,110,12,942,106,risk-averse
6,78,3,155,150,12,1350,150,risk-averse
7,78,3,233,100,12,900,100,risk-averse
8,78,3,12,110,12,-186,12,risk-averse
9,78,3,167,130,12,1170,130,risk-averse
10,78,3,146,130,12,1170,130,risk-averse
11,78,3,87,180,12,504,87,risk-averse
12,78,3,180,110,12,990,110,risk-averse
13,78,3,188,150,12,1350,150,risk-averse
14,78,3,77,180,12,384,77,risk-averse
15,78,3,80,180,12,420,80,risk-averse
16,78,9,210,190,12,570,190,risk-averse
17,78,9,157,100,12,300,100,risk-averse
18,78,9,172,120,12,360,120,risk-averse
19,78,9,80,120,12,-120,80,risk-averse
20,78,9,82,150,12,-366,82,risk-averse
21,78,9,236,120,12,360,120,risk-averse
22,78,9,2,130,12,-1146,2,risk-averse
23,78,9,233,150,12,450,150,risk-averse
24,78,9,244,120,12,360,120,risk-averse
26,78,9,9,90,12,-702,9,risk-averse
27,78,9,122,120,12,360,120,risk-averse
28,78,9,252,160,12,480,160,risk-averse
29,78,9,240,150,12,450,150,risk-averse
30,78,9,107,120,12,204,107,risk-averse
1,79,9,210,120,12,360,120,risk-averse
2,79,9,157,135,12,405,135,risk-averse
3,79,9,172,150,12,450,150,risk-averse
4,79,9,80,150,12,-390,80,risk-averse
5,79,9,82,170,12,-546,82,risk-averse
6,79,9,236,160,12,480,160,risk-averse
7,79,9,2,120,12,-1056,2,risk-averse
8,79,9,233,150,12,450,150,risk-averse
9,79,9,244,85,12,255,85,risk-averse
10,79,9,208,145,12,435,145,risk-averse
11,79,9,9,150,12,-1242,9,risk-averse
12,79,9,122,150,12,114,122,risk-averse
13,79,9,252,95,12,285,95,risk-averse
14,79,9,240,150,12,450,150,risk-averse
15,79,9,107,150,12,-66,107,risk-averse
16,79,3,281,150,12,1350,150,risk-averse
17,79,3,260,150,12,1350,150,risk-averse
18,79,3,13,150,12,-294,13,risk-averse
19,79,3,275,80,12,720,80,risk-averse
20,79,3,106,120,12,912,106,risk-averse
21,79,3,155,150,12,1350,150,risk-averse
22,79,3,233,120,12,1080,120,risk-averse
23,79,3,12,150,12,-306,12,risk-averse
24,79,3,167,160,12,1440,160,risk-averse
25,79,3,146,130,12,1170,130,risk-averse
26,79,3,87,140,12,624,87,risk-averse
27,79,3,180,160,12,1440,160,risk-averse
28,79,3,188,150,12,1350,150,risk-averse
29,79,3,77,120,12,564,77,risk-averse
30,79,3,80,120,12,600,80,risk-averse
1,82,3,281,120,12,1080,120,risk-averse
2,82,3,260,170,12,1530,170,risk-averse
3,82,3,13,120,12,-204,13,risk-averse
4,82,3,275,150,12,1350,150,risk-averse
5,82,3,106,120,12,912,106,risk-averse
6,82,3,155,150,12,1350,150,risk-averse
7,82,3,233,180,12,1620,180,risk-averse
8,82,3,12,150,12,-306,12,risk-averse
9,82,3,167,120,12,1080,120,risk-averse
10,82,3,146,120,12,1080,120,risk-averse
11,82,3,87,150,12,594,87,risk-averse
12,82,3,180,150,12,1350,150,risk-averse
14,82,3,77,120,12,564,77,risk-averse
15,82,3,80,180,12,420,80,risk-averse
16,82,9,210,120,12,360,120,risk-averse
17,82,9,157,120,12,360,120,risk-averse
18,82,9,172,110,12,330,110,risk-averse
19,82,9,80,130,12,-210,80,risk-averse
20,82,9,82,130,12,-186,82,risk-averse
21,82,9,236,85,12,255,85,risk-averse
22,82,9,2,180,12,-1596,2,risk-averse
23,82,9,233,150,12,450,150,risk-averse
24,82,9,244,120,12,360,120,risk-averse
25,82,9,208,170,12,510,170,risk-averse
26,82,9,9,180,12,-1512,9,risk-averse
27,82,9,122,150,12,114,122,risk-averse
28,82,9,252,130,12,390,130,risk-averse
29,82,9,240,150,12,450,150,risk-averse
30,82,9,107,150,12,-66,107,risk-averse
1,83,9,210,150,12,450,150,risk-averse
2,83,9,157,100,12,300,100,risk-averse
3,83,9,172,150,12,450,150,risk-averse
4,83,9,80,150,12,-390,80,risk-averse
5,83,9,82,175,12,-591,82,risk-averse
6,83,9,236,130,12,390,130,risk-averse
7,83,9,2,180,12,-1596,2,risk-averse
8,83,9,233,180,12,540,180,risk-averse
9,83,9,244,120,12,360,120,risk-averse
10,83,9,208,180,12,540,180,risk-averse
11,83,9,9,150,12,-1242,9,risk-averse
12,83,9,122,140,12,204,122,risk-averse
13,83,9,252,150,12,450,150,risk-averse
14,83,9,240,120,12,360,120,risk-averse
15,83,9,107,150,12,-66,107,risk-averse
16,83,3,281,140,12,1260,140,risk-averse
17,83,3,260,140,12,1260,140,risk-averse
18,83,3,13,180,12,-384,13,risk-averse
19,83,3,275,150,12,1350,150,risk-averse
20,83,3,106,170,12,762,106,risk-averse
21,83,3,155,150,12,1350,150,risk-averse
22,83,3,233,140,12,1260,140,risk-averse
23,83,3,12,110,12,-186,12,risk-averse
24,83,3,167,150,12,1350,150,risk-averse
25,83,3,146,170,12,1242,146,risk-averse
26,83,3,87,120,12,684,87,risk-averse
27,83,3,180,150,12,1350,150,risk-averse
28,83,3,188,150,12,1350,150,risk-averse
29,83,3,77,120,12,564,77,risk-averse
30,83,3,80,150,12,510,80,risk-averse
1,84,3,281,100,12,900,100,risk-averse
2,84,3,260,150,12,1350,150,risk-averse
3,84,3,13,170,12,-354,13,risk-averse
4,84,3,275,120,12,1080,120,risk-averse
5,84,3,106,150,12,822,106,risk-averse
6,84,3,155,120,12,1080,120,risk-averse
7,84,3,233,150,12,1350,150,risk-averse
8,84,3,12,150,12,-306,12,risk-averse
9,84,3,167,150,12,1350,150,risk-averse
10,84,3,146,160,12,1272,146,risk-averse
11,84,3,87,120,12,684,87,risk-averse
12,84,3,180,90,12,810,90,risk-averse
13,84,3,188,150,12,1350,150,risk-averse
14,84,3,77,175,12,399,77,risk-averse
15,84,3,80,120,12,600,80,risk-averse
16,84,9,210,140,12,420,140,risk-averse
17,84,9,157,150,12,450,150,risk-averse
18,84,9,172,120,12,360,120,risk-averse
19,84,9,80,170,12,-570,80,risk-averse
20,84,9,82,150,12,-366,82,risk-averse
21,84,9,236,120,12,360,120,risk-averse
22,84,9,2,180,12,-1596,2,risk-averse
23,84,9,233,150,12,450,150,risk-averse
24,84,9,244,180,12,540,180,risk-averse
25,84,9,208,150,12,450,150,risk-averse
26,84,9,9,150,12,-1242,9,risk-averse
27,84,9,122,170,12,-66,122,risk-averse
28,84,9,252,120,12,360,120,risk-averse
29,84,9,240,180,12,540,180,risk-averse
30,84,9,107,120,12,204,107,risk-averse
1,85,3,281,120,12,1080,120,risk-averse
2,85,3,260,150,12,1350,150,risk-averse
3,85,3,13,100,12,-144,13,risk-averse
4,85,3,275,150,12,1350,150,risk-averse
5,85,3,106,150,12,822,106,risk-averse
6,85,3,155,120,12,1080,120,risk-averse
7,85,3,233,120,12,1080,120,risk-averse
8,85,3,12,150,12,-306,12,risk-averse
9,85,3,167,170,12,1494,167,risk-averse
10,85,3,146,80,12,720,80,risk-averse
11,85,3,87,180,12,504,87,risk-averse
13,85,3,188,190,12,1686,188,risk-averse
14,85,3,77,180,12,384,77,risk-averse
15,85,3,80,180,12,420,80,risk-averse
17,85,9,157,120,12,360,120,risk-averse
18,85,9,172,75,12,225,75,risk-averse
19,85,9,80,120,12,-120,80,risk-averse
20,85,9,82,180,12,-636,82,risk-averse
21,85,9,236,120,12,360,120,risk-averse
22,85,9,2,180,12,-1596,2,risk-averse
23,85,9,233,170,12,510,170,risk-averse
24,85,9,244,160,12,480,160,risk-averse
25,85,9,208,150,12,450,150,risk-averse
26,85,9,9,85,12,-657,9,risk-averse
27,85,9,122,170,12,-66,122,risk-averse
28,85,9,252,125,12,375,125,risk-averse
29,85,9,240,120,12,360,120,risk-averse
30,85,9,107,180,12,-336,107,risk-averse
1,92,9,210,150,12,450,150,risk-averse
2,92,9,157,150,12,450,150,risk-averse
3,92,9,172,150,12,450,150,risk-averse
4,92,9,80,120,12,-120,80,risk-averse
5,92,9,82,120,12,-96,82,risk-averse
6,92,9,236,150,12,450,150,risk-averse
7,92,9,2,120,12,-1056,2,risk-averse
8,92,9,233,170,12,510,170,risk-averse
9,92,9,244,120,12,360,120,risk-averse
10,92,9,208,100,12,300,100,risk-averse
11,92,9,9,160,12,-1332,9,risk-averse
12,92,9,122,140,12,204,122,risk-averse
13,92,9,252,85,12,255,85,risk-averse
14,92,9,240,100,12,300,100,risk-averse
15,92,9,107,180,12,-336,107,risk-averse
16,92,3,281,180,12,1620,180,risk-averse
18,92,3,13,100,12,-144,13,risk-averse
19,92,3,275,175,12,1575,175,risk-averse
20,92,3,106,150,12,822,106,risk-averse
21,92,3,155,120,12,1080,120,risk-averse
22,92,3,233,150,12,1350,150,risk-averse
23,92,3,12,120,12,-216,12,risk-averse
24,92,3,167,150,12,1350,150,risk-averse
25,92,3,146,120,12,1080,120,risk-averse
26,92,3,87,180,12,504,87,risk-averse
28,92,3,188,120,12,1080,120,risk-averse
29,92,3,77,150,12,474,77,risk-averse
30,92,3,80,150,12,510,80,risk-averse
1,94,9,210,120,12,360,120,risk-averse
2,94,9,157,160,12,444,157,risk-averse
3,94,9,172,120,12,360,120,risk-averse
4,94,9,80,120,12,-120,80,risk-averse
5,94,9,82,80,12,240,80,risk-averse
6,94,9,236,120,12,360,120,risk-averse
7,94,9,2,150,12,-1326,2,risk-averse
8,94,9,233,140,12,420,140,risk-averse
9,94,9,244,170,12,510,170,risk-averse
10,94,9,208,120,12,360,120,risk-averse
11,94,9,9,150,12,-1242,9,risk-averse
13,94,9,252,145,12,435,145,risk-averse
14,94,9,240,170,12,510,170,risk-averse
15,94,9,107,150,12,-66,107,risk-averse
16,94,3,281,120,12,1080,120,risk-averse
17,94,3,260,125,12,1125,125,risk-averse
18,94,3,13,150,12,-294,13,risk-averse
19,94,3,275,140,12,1260,140,risk-averse
20,94,3,106,150,12,822,106,risk-averse
21,94,3,155,150,12,1350,150,risk-averse
22,94,3,233,120,12,1080,120,risk-averse
23,94,3,12,150,12,-306,12,risk-averse
24,94,3,167,140,12,1260,140,risk-averse
25,94,3,146,180,12,1212,146,risk-averse
26,94,3,87,140,12,624,87,risk-averse
27,94,3,180,120,12,1080,120,risk-averse
28,94,3,188,120,12,1080,120,risk-averse
29,94,3,77,150,12,474,77,risk-averse
30,94,3,80,180,12,420,80,risk-averse
1,99,9,210,150,12,450,150,risk-averse
3,99,9,172,120,12,360,120,risk-averse
4,99,9,80,150,12,-390,80,risk-averse
5,99,9,82,150,12,-366,82,risk-averse
6,99,9,236,160,12,480,160,risk-averse
7,99,9,2,150,12,-1326,2,risk-averse
8,99,9,233,180,12,540,180,risk-averse
9,99,9,244,180,12,540,180,risk-averse
10,99,9,208,170,12,510,170,risk-averse
11,99,9,9,120,12,-972,9,risk-averse
12,99,9,122,80,12,240,80,risk-averse
13,99,9,252,120,12,360,120,risk-averse
14,99,9,240,100,12,300,100,risk-averse
15,99,9,107,150,12,-66,107,risk-averse
16,99,3,281,130,12,1170,130,risk-averse
17,99,3,260,125,12,1125,125,risk-averse
18,99,3,13,120,12,-204,13,risk-averse
19,99,3,275,100,12,900,100,risk-averse
20,99,3,106,150,12,822,106,risk-averse
21,99,3,155,100,12,900,100,risk-averse
22,99,3,233,100,12,900,100,risk-averse
23,99,3,12,120,12,-216,12,risk-averse
25,99,3,146,150,12,1302,146,risk-averse
26,99,3,87,180,12,504,87,risk-averse
27,99,3,180,120,12,1080,120,risk-averse
28,99,3,188,110,12,990,110,risk-averse
29,99,3,77,120,12,564,77,risk-averse
30,99,3,80,120,12,600,80,risk-averse
1,103,9,210,150,12,450,150,risk-averse
3,103,9,172,120,12,360,120,risk-averse
4,103,9,80,120,12,-120,80,risk-averse
5,103,9,82,200,12,-816,82,risk-averse
6,103,9,236,150,12,450,150,risk-averse
7,103,9,2,70,12,-606,2,risk-averse
8,103,9,233,150,12,450,150,risk-averse
9,103,9,244,150,12,450,150,risk-averse
10,103,9,208,150,12,450,150,risk-averse
11,103,9,9,150,12,-1242,9,risk-averse
12,103,9,122,185,12,-201,122,risk-averse
13,103,9,252,120,12,360,120,risk-averse
14,103,9,240,120,12,360,120,risk-averse
15,103,9,107,150,12,-66,107,risk-averse
16,103,3,281,160,12,1440,160,risk-averse
17,103,3,260,150,12,1350,150,risk-averse
18,103,3,13,180,12,-384,13,risk-averse
19,103,3,275,110,12,990,110,risk-averse
20,103,3,106,180,12,732,106,risk-averse
21,103,3,155,150,12,1350,150,risk-averse
22,103,3,233,150,12,1350,150,risk-averse
23,103,3,12,180,12,-396,12,risk-averse
24,103,3,167,120,12,1080,120,risk-averse
25,103,3,146,120,12,1080,120,risk-averse
26,103,3,87,150,12,594,87,risk-averse
27,103,3,180,140,12,1260,140,risk-averse
28,103,3,188,110,12,990,110,risk-averse
29,103,3,77,120,12,564,77,risk-averse
30,103,3,80,100,12,660,80,risk-averse
1,104,9,210,120,12,360,120,risk-averse
2,104,9,157,80,12,240,80,risk-averse
3,104,9,172,150,12,450,150,risk-averse
4,104,9,80,150,12,-390,80,risk-averse
5,104,9,82,120,12,-96,82,risk-averse
6,104,9,236,150,12,450,150,risk-averse
7,104,9,2,150,12,-1326,2,risk-averse
8,104,9,233,150,12,450,150,risk-averse
9,104,9,244,150,12,450,150,risk-averse
10,104,9,208,150,12,450,150,risk-averse
11,104,9,9,125,12,-1017,9,risk-averse
13,104,9,252,150,12,450,150,risk-averse
14,104,9,240,130,12,390,130,risk-averse
15,104,9,107,150,12,-66,107,risk-averse
16,104,3,281,150,12,1350,150,risk-averse
17,104,3,260,120,12,1080,120,risk-averse
18,104,3,13,150,12,-294,13,risk-averse
19,104,3,275,120,12,1080,120,risk-averse
20,104,3,106,140,12,852,106,risk-averse
21,104,3,155,120,12,1080,120,risk-averse
22,104,3,233,130,12,1170,130,risk-averse
23,104,3,12,170,12,-366,12,risk-averse
24,104,3,167,150,12,1350,150,risk-averse
25,104,3,146,120,12,1080,120,risk-averse
26,104,3,87,150,12,594,87,risk-averse
27,104,3,180,120,12,1080,120,risk-averse
28,104,3,188,150,12,1350,150,risk-averse
29,104,3,77,160,12,444,77,risk-averse
30,104,3,80,160,12,480,80,risk-averse
1,105,9,210,120,12,360,120,risk-averse
2,105,9,157,150,12,450,150,risk-averse
3,105,9,172,175,12,489,172,risk-averse
4,105,9,80,180,12,-660,80,risk-averse
5,105,9,82,150,12,-366,82,risk-averse
6,105,9,236,180,12,540,180,risk-averse
7,105,9,2,100,12,-876,2,risk-averse
8,105,9,233,150,12,450,150,risk-averse
9,105,9,244,110,12,330,110,risk-averse
10,105,9,208,150,12,450,150,risk-averse
11,105,9,9,160,12,-1332,9,risk-averse
12,105,9,122,120,12,360,120,risk-averse
13,105,9,252,160,12,480,160,risk-averse
14,105,9,240,150,12,450,150,risk-averse
15,105,9,107,130,12,114,107,risk-averse
16,105,3,281,110,12,990,110,risk-averse
17,105,3,260,180,12,1620,180,risk-averse
18,105,3,13,180,12,-384,13,risk-averse
19,105,3,275,150,12,1350,150,risk-averse
20,105,3,106,150,12,822,106,risk-averse
21,105,3,155,150,12,1350,150,risk-averse
22,105,3,233,120,12,1080,120,risk-averse
23,105,3,12,120,12,-216,12,risk-averse
24,105,3,167,90,12,810,90,risk-averse
25,105,3,146,150,12,1302,146,risk-averse
26,105,3,87,150,12,594,87,risk-averse
27,105,3,180,150,12,1350,150,risk-averse
28,105,3,188,150,12,1350,150,risk-averse
29,105,3,77,180,12,384,77,risk-averse
30,105,3,80,150,12,510,80,risk-averse
1,108,3,281,150,12,1350,150,risk-averse
2,108,3,260,150,12,1350,150,risk-averse
3,108,3,13,120,12,-204,13,risk-averse
4,108,3,275,120,12,1080,120,risk-averse
5,108,3,106,150,12,822,106,risk-averse
6,108,3,155,120,12,1080,120,risk-averse
7,108,3,233,150,12,1350,150,risk-averse
8,108,3,12,180,12,-396,12,risk-averse
9,108,3,167,120,12,1080,120,risk-averse
10,108,3,146,150,12,1302,146,risk-averse
11,108,3,87,180,12,504,87,risk-averse
12,108,3,180,150,12,1350,150,risk-averse
13,108,3,188,70,12,630,70,risk-averse
14,108,3,77,150,12,474,77,risk-averse
15,108,3,80,120,12,600,80,risk-averse
16,108,9,210,120,12,360,120,risk-averse
17,108,9,157,170,12,354,157,risk-averse
18,108,9,172,160,12,480,160,risk-averse
19,108,9,80,120,12,-120,80,risk-averse
20,108,9,82,170,12,-546,82,risk-averse
21,108,9,236,120,12,360,120,risk-averse
22,108,9,2,160,12,-1416,2,risk-averse
23,108,9,233,150,12,450,150,risk-averse
24,108,9,244,100,12,300,100,risk-averse
25,108,9,208,150,12,450,150,risk-averse
26,108,9,9,150,12,-1242,9,risk-averse
27,108,9,122,120,12,360,120,risk-averse
28,108,9,252,150,12,450,150,risk-averse
29,108,9,240,150,12,450,150,risk-averse
30,108,9,107,150,12,-66,107,risk-averse
1,110,3,281,150,12,1350,150,risk-averse
2,110,3,260,120,12,1080,120,risk-averse
3,110,3,13,150,12,-294,13,risk-averse
4,110,3,275,150,12,1350,150,risk-averse
5,110,3,106,120,12,912,106,risk-averse
6,110,3,155,190,12,1290,155,risk-averse
7,110,3,233,120,12,1080,120,risk-averse
8,110,3,12,130,12,-246,12,risk-averse
9,110,3,167,150,12,1350,150,risk-averse
10,110,3,146,150,12,1302,146,risk-averse
11,110,3,87,150,12,594,87,risk-averse
12,110,3,180,150,12,1350,150,risk-averse
13,110,3,188,85,12,765,85,risk-averse
14,110,3,77,120,12,564,77,risk-averse
15,110,3,80,120,12,600,80,risk-averse
16,110,9,210,120,12,360,120,risk-averse
17,110,9,157,160,12,444,157,risk-averse
18,110,9,172,90,12,270,90,risk-averse
19,110,9,80,120,12,-120,80,risk-averse
20,110,9,82,120,12,-96,82,risk-averse
21,110,9,236,70,12,210,70,risk-averse
22,110,9,2,120,12,-1056,2,risk-averse
23,110,9,233,85,12,255,85,risk-averse
24,110,9,244,95,12,285,95,risk-averse
25,110,9,208,150,12,450,150,risk-averse
26,110,9,9,150,12,-1242,9,risk-averse
27,110,9,122,120,12,360,120,risk-averse
28,110,9,252,150,12,450,150,risk-averse
29,110,9,240,150,12,450,150,risk-averse
30,110,9,107,150,12,-66,107,risk-averse
1,114,9,210,150,12,450,150,risk-averse
2,114,9,157,160,12,444,157,risk-averse
3,114,9,172,150,12,450,150,risk-averse
4,114,9,80,150,12,-390,80,risk-averse
5,114,9,82,150,12,-366,82,risk-averse
6,114,9,236,100,12,300,100,risk-averse
7,114,9,2,150,12,-1326,2,risk-averse
8,114,9,233,110,12,330,110,risk-averse
9,114,9,244,120,12,360,120,risk-averse
10,114,9,208,180,12,540,180,risk-averse
11,114,9,9,175,12,-1467,9,risk-averse
12,114,9,122,170,12,-66,122,risk-averse
13,114,9,252,120,12,360,120,risk-averse
14,114,9,240,120,12,360,120,risk-averse
15,114,9,107,150,12,-66,107,risk-averse
16,114,3,281,95,12,855,95,risk-averse
17,114,3,260,150,12,1350,150,risk-averse
18,114,3,13,170,12,-354,13,risk-averse
19,114,3,275,170,12,1530,170,risk-averse
20,114,3,106,150,12,822,106,risk-averse
21,114,3,155,100,12,900,100,risk-averse
22,114,3,233,110,12,990,110,risk-averse
23,114,3,12,150,12,-306,12,risk-averse
24,114,3,167,140,12,1260,140,risk-averse
25,114,3,146,150,12,1302,146,risk-averse
26,114,3,87,150,12,594,87,risk-averse
27,114,3,180,150,12,1350,150,risk-averse
28,114,3,188,180,12,1620,180,risk-averse
29,114,3,77,150,12,474,77,risk-averse
30,114,3,80,150,12,510,80,risk-averse
1,116,9,210,120,12,360,120,risk-averse
2,116,9,157,150,12,450,150,risk-averse
3,116,9,172,150,12,450,150,risk-averse
4,116,9,80,150,12,-390,80,risk-averse
5,116,9,82,160,12,-456,82,risk-averse
6,116,9,236,190,12,570,190,risk-averse
7,116,9,2,120,12,-1056,2,risk-averse
8,116,9,233,180,12,540,180,risk-averse
9,116,9,244,180,12,540,180,risk-averse
10,116,9,208,120,12,360,120,risk-averse
11,116,9,9,90,12,-702,9,risk-averse
12,116,9,122,80,12,240,80,risk-averse
13,116,9,252,80,12,240,80,risk-averse
14,116,9,240,120,12,360,120,risk-averse
15,116,9,107,160,12,-156,107,risk-averse
16,116,3,281,150,12,1350,150,risk-averse
17,116,3,260,150,12,1350,150,risk-averse
18,116,3,13,120,12,-204,13,risk-averse
19,116,3,275,150,12,1350,150,risk-averse
20,116,3,106,110,12,942,106,risk-averse
21,116,3,155,120,12,1080,120,risk-averse
22,116,3,233,110,12,990,110,risk-averse
23,116,3,12,170,12,-366,12,risk-averse
24,116,3,167,170,12,1494,167,risk-averse
25,116,3,146,150,12,1302,146,risk-averse
26,116,3,87,180,12,504,87,risk-averse
27,116,3,180,150,12,1350,150,risk-averse
29,116,3,77,150,12,474,77,risk-averse
30,116,3,80,150,12,510,80,risk-averse
1,120,9,210,160,12,480,160,risk-averse
2,120,9,157,120,12,360,120,risk-averse
3,120,9,172,170,12,510,170,risk-averse
4,120,9,80,150,12,-390,80,risk-averse
6,120,9,236,90,12,270,90,risk-averse
7,120,9,2,160,12,-1416,2,risk-averse
8,120,9,233,150,12,450,150,risk-averse
9,120,9,244,130,12,390,130,risk-averse
10,120,9,208,150,12,450,150,risk-averse
11,120,9,9,115,12,-927,9,risk-averse
12,120,9,122,150,12,114,122,risk-averse
13,120,9,252,150,12,450,150,risk-averse
14,120,9,240,150,12,450,150,risk-averse
15,120,9,107,180,12,-336,107,risk-averse
16,120,3,281,130,12,1170,130,risk-averse
17,120,3,260,140,12,1260,140,risk-averse
18,120,3,13,120,12,-204,13,risk-averse
19,120,3,275,170,12,1530,170,risk-averse
20,120,3,106,150,12,822,106,risk-averse
21,120,3,155,70,12,630,70,risk-averse
22,120,3,233,150,12,1350,150,risk-averse
23,120,3,12,170,12,-366,12,risk-averse
24,120,3,167,125,12,1125,125,risk-averse
25,120,3,146,150,12,1302,146,risk-averse
26,120,3,87,130,12,654,87,risk-averse
27,120,3,180,150,12,1350,150,risk-averse
28,120,3,188,120,12,1080,120,risk-averse
29,120,3,77,170,12,414,77,risk-averse
30,120,3,80,150,12,510,80,risk-averse
1,1,3,281,280,12,2520,280,risk-seeking
2,1,3,260,250,12,2250,250,risk-seeking
3,1,3,13,280,12,-684,13,risk-seeking
4,1,3,275,280,12,2460,275,risk-seeking
5,1,3,106,290,12,402,106,risk-seeking
6,1,3,155,280,12,1020,155,risk-seeking
7,1,3,233,275,12,1971,233,risk-seeking
8,1,3,12,280,12,-696,12,risk-seeking
9,1,3,167,280,12,1164,167,risk-seeking
10,1,3,146,250,12,1002,146,risk-seeking
11,1,3,87,280,12,204,87,risk-seeking
12,1,3,180,280,12,1320,180,risk-seeking
13,1,3,188,280,12,1416,188,risk-seeking
14,1,3,77,280,12,84,77,risk-seeking
15,1,3,80,280,12,120,80,risk-seeking
16,1,9,210,280,12,0,210,risk-seeking
17,1,9,157,290,12,-726,157,risk-seeking
18,1,9,172,275,12,-411,172,risk-seeking
19,1,9,80,280,12,-1560,80,risk-seeking
20,1,9,82,250,12,-1266,82,risk-seeking
21,1,9,236,250,12,582,236,risk-seeking
22,1,9,2,280,12,-2496,2,risk-seeking
23,1,9,233,270,12,366,233,risk-seeking
24,1,9,244,250,12,678,244,risk-seeking
25,1,9,208,260,12,156,208,risk-seeking
26,1,9,9,280,12,-2412,9,risk-seeking
27,1,9,122,280,12,-1056,122,risk-seeking
28,1,9,252,280,12,504,252,risk-seeking
29,1,9,240,280,12,360,240,risk-seeking
30,1,9,107,280,12,-1236,107,risk-seeking
1,4,3,281,280,12,2520,280,risk-seeking
2,4,3,260,275,12,2295,260,risk-seeking
3,4,3,13,280,12,-684,13,risk-seeking
4,4,3,275,280,12,2460,275,risk-seeking
5,4,3,106,280,12,432,106,risk-seeking
6,4,3,155,280,12,1020,155,risk-seeking
7,4,3,233,280,12,1956,233,risk-seeking
8,4,3,12,280,12,-696,12,risk-seeking
9,4,3,167,280,12,1164,167,risk-seeking
10,4,3,146,280,12,912,146,risk-seeking
11,4,3,87,250,12,294,87,risk-seeking
12,4,3,180,280,12,1320,180,risk-seeking
13,4,3,188,300,12,1356,188,risk-seeking
14,4,3,77,280,12,84,77,risk-seeking
15,4,3,80,290,12,90,80,risk-seeking
16,4,9,210,275,12,45,210,risk-seeking
17,4,9,157,280,12,-636,157,risk-seeking
18,4,9,172,250,12,-186,172,risk-seeking
19,4,9,80,280,12,-1560,80,risk-seeking
20,4,9,82,280,12,-1536,82,risk-seeking
21,4,9,236,280,12,312,236,risk-seeking
22,4,9,2,280,12,-2496,2,risk-seeking
23,4,9,233,270,12,366,233,risk-seeking
24,4,9,244,275,12,453,244,risk-seeking
25,4,9,208,280,12,-24,208,risk-seeking
26,4,9,9,280,12,-2412,9,risk-seeking
27,4,9,122,280,12,-1056,122,risk-seeking
28,4,9,252,280,12,504,252,risk-seeking
29,4,9,240,280,12,360,240,risk-seeking
30,4,9,107,280,12,-1236,107,risk-seeking
1,6,3,281,280,12,2520,280,risk-seeking
2,6,3,260,280,12,2280,260,risk-seeking
3,6,3,13,275,12,-669,13,risk-seeking
4,6,3,275,275,12,2475,275,risk-seeking
5,6,3,106,280,12,432,106,risk-seeking
6,6,3,155,285,12,1005,155,risk-seeking
7,6,3,233,280,12,1956,233,risk-seeking
8,6,3,12,250,12,-606,12,risk-seeking
9,6,3,167,280,12,1164,167,risk-seeking
10,6,3,146,280,12,912,146,risk-seeking
11,6,3,87,250,12,294,87,risk-seeking
12,6,3,180,280,12,1320,180,risk-seeking
13,6,3,188,280,12,1416,188,risk-seeking
14,6,3,77,290,12,54,77,risk-seeking
15,6,3,80,280,12,120,80,risk-seeking
16,6,9,210,280,12,0,210,risk-seeking
17,6,9,157,280,12,-636,157,risk-seeking
18,6,9,172,280,12,-456,172,risk-seeking
19,6,9,80,280,12,-1560,80,risk-seeking
20,6,9,82,250,12,-1266,82,risk-seeking
22,6,9,2,280,12,-2496,2,risk-seeking
23,6,9,233,250,12,546,233,risk-seeking
24,6,9,244,280,12,408,244,risk-seeking
25,6,9,208,280,12,-24,208,risk-seeking
26,6,9,9,280,12,-2412,9,risk-seeking
27,6,9,122,280,12,-1056,122,risk-seeking
28,6,9,252,290,12,414,252,risk-seeking
29,6,9,240,275,12,405,240,risk-seeking
30,6,9,107,275,12,-1191,107,risk-seeking
1,8,9,210,280,12,0,210,risk-seeking
2,8,9,157,260,12,-456,157,risk-seeking
3,8,9,172,290,12,-546,172,risk-seeking
4,8,9,80,280,12,-1560,80,risk-seeking
5,8,9,82,280,12,-1536,82,risk-seeking
6,8,9,236,280,12,312,236,risk-seeking
7,8,9,2,280,12,-2496,2,risk-seeking
8,8,9,233,300,12,96,233,risk-seeking
9,8,9,244,280,12,408,244,risk-seeking
10,8,9,208,280,12,-24,208,risk-seeking
11,8,9,9,270,12,-2322,9,risk-seeking
12,8,9,122,280,12,-1056,122,risk-seeking
13,8,9,252,280,12,504,252,risk-seeking
14,8,9,240,280,12,360,240,risk-seeking
15,8,9,107,280,12,-1236,107,risk-seeking
16,8,3,281,280,12,2520,280,risk-seeking
17,8,3,260,280,12,2280,260,risk-seeking
18,8,3,13,250,12,-594,13,risk-seeking
19,8,3,275,250,12,2250,250,risk-seeking
20,8,3,106,280,12,432,106,risk-seeking
21,8,3,155,230,12,1170,155,risk-seeking
22,8,3,233,250,12,2046,233,risk-seeking
23,8,3,12,250,12,-606,12,risk-seeking
24,8,3,167,280,12,1164,167,risk-seeking
25,8,3,146,280,12,912,146,risk-seeking
26,8,3,87,280,12,204,87,risk-seeking
27,8,3,180,280,12,1320,180,risk-seeking
28,8,3,188,250,12,1506,188,risk-seeking
29,8,3,77,280,12,84,77,risk-seeking
1,9,9,210,280,12,0,210,risk-seeking
2,9,9,157,250,12,-366,157,risk-seeking
3,9,9,172,280,12,-456,172,risk-seeking
4,9,9,80,280,12,-1560,80,risk-seeking
5,9,9,82,280,12,-1536,82,risk-seeking
6,9,9,236,280,12,312,236,risk-seeking
7,9,9,2,280,12,-2496,2,risk-seeking
8,9,9,233,270,12,366,233,risk-seeking
9,9,9,244,280,12,408,244,risk-seeking
10,9,9,208,280,12,-24,208,risk-seeking
11,9,9,9,290,12,-2502,9,risk-seeking
12,9,9,122,250,12,-786,122,risk-seeking
13,9,9,252,280,12,504,252,risk-seeking
14,9,9,240,280,12,360,240,risk-seeking
15,9,9,107,280,12,-1236,107,risk-seeking
16,9,3,281,280,12,2520,280,risk-seeking
17,9,3,260,280,12,2280,260,risk-seeking
18,9,3,13,280,12,-684,13,risk-seeking
19,9,3,275,280,12,2460,275,risk-seeking
20,9,3,106,270,12,462,106,risk-seeking
21,9,3,155,290,12,990,155,risk-seeking
22,9,3,233,280,12,1956,233,risk-seeking
23,9,3,12,285,12,-711,12,risk-seeking
24,9,3,167,250,12,1254,167,risk-seeking
25,9,3,146,280,12,912,146,risk-seeking
26,9,3,87,290,12,174,87,risk-seeking
27,9,3,180,280,12,1320,180,risk-seeking
28,9,3,188,250,12,1506,188,risk-seeking
29,9,3,77,280,12,84,77,risk-seeking
30,9,3,80,260,12,180,80,risk-seeking
1,13,3,281,250,12,2250,250,risk-seeking
2,13,3,260,280,12,2280,260,risk-seeking
3,13,3,13,280,12,-684,13,risk-seeking
4,13,3,275,290,12,2430,275,risk-seeking
5,13,3,106,275,12,447,106,risk-seeking
6,13,3,155,280,12,1020,155,risk-seeking
7,13,3,233,260,12,2016,233,risk-seeking
8,13,3,12,280,12,-696,12,risk-seeking
9,13,3,167,280,12,1164,167,risk-seeking
10,13,3,146,280,12,912,146,risk-seeking
11,13,3,87,285,12,189,87,risk-seeking
12,13,3,180,280,12,1320,180,risk-seeking
13,13,3,188,280,12,1416,188,risk-seeking
14,13,3,77,250,12,174,77,risk-seeking
15,13,3,80,280,12,120,80,risk-seeking
16,13,9,210,275,12,45,210,risk-seeking
17,13,9,157,280,12,-636,157,risk-seeking
18,13,9,172,280,12,-456,172,risk-seeking
19,13,9,80,250,12,-1290,80,risk-seeking
20,13,9,82,280,12,-1536,82,risk-seeking
21,13,9,236,275,12,357,236,risk-seeking
22,13,9,2,250,12,-2226,2,risk-seeking
23,13,9,233,270,12,366,233,risk-seeking
24,13,9,244,280,12,408,244,risk-seeking
25,13,9,208,300,12,-204,208,risk-seeking
26,13,9,9,280,12,-2412,9,risk-seeking
27,13,9,122,280,12,-1056,122,risk-seeking
28,13,9,252,280,12,504,252,risk-seeking
29,13,9,240,275,12,405,240,risk-seeking
30,13,9,107,280,12,-1236,107,risk-seeking
1,16,3,281,280,12,2520,280,risk-seeking
2,16,3,260,250,12,2250,250,risk-seeking
3,16,3,13,285,12,-699,13,risk-seeking
4,16,3,275,280,12,2460,275,risk-seeking
5,16,3,106,280,12,432,106,risk-seeking
6,16,3,155,300,12,960,155,risk-seeking
7,16,3,233,280,12,1956,233,risk-seeking
8,16,3,12,275,12,-681,12,risk-seeking
9,16,3,167,250,12,1254,167,risk-seeking
10,16,3,146,280,12,912,146,risk-seeking
11,16,3,87,280,12,204,87,risk-seeking
12,16,3,180,280,12,1320,180,risk-seeking
13,16,3,188,270,12,1446,188,risk-seeking
14,16,3,77,275,12,99,77,risk-seeking
15,16,3,80,270,12,150,80,risk-seeking
16,16,9,210,250,12,270,210,risk-seeking
17,16,9,157,280,12,-636,157,risk-seeking
18,16,9,172,250,12,-186,172,risk-seeking
19,16,9,80,280,12,-1560,80,risk-seeking
20,16,9,82,280,12,-1536,82,risk-seeking
21,16,9,236,280,12,312,236,risk-seeking
22,16,9,2,280,12,-2496,2,risk-seeking
23,16,9,233,250,12,546,233,risk-seeking
24,16,9,244,250,12,678,244,risk-seeking
25,16,9,208,250,12,246,208,risk-seeking
26,16,9,9,250,12,-2142,9,risk-seeking
27,16,9,122,250,12,-786,122,risk-seeking
28,16,9,252,275,12,549,252,risk-seeking
29,16,9,240,280,12,360,240,risk-seeking
30,16,9,107,280,12,-1236,107,risk-seeking
1,17,3,281,280,12,2520,280,risk-seeking
2,17,3,260,280,12,2280,260,risk-seeking
3,17,3,13,290,12,-714,13,risk-seeking
4,17,3,275,280,12,2460,275,risk-seeking
5,17,3,106,280,12,432,106,risk-seeking
6,17,3,155,270,12,1050,155,risk-seeking
7,17,3,233,280,12,1956,233,risk-seeking
8,17,3,12,280,12,-696,12,risk-seeking
9,17,3,167,280,12,1164,167,risk-seeking
10,17,3,146,280,12,912,146,risk-seeking
11,17,3,87,280,12,204,87,risk-seeking
12,17,3,180,280,12,1320,180,risk-seeking
13,17,3,188,280,12,1416,188,risk-seeking
14,17,3,77,280,12,84,77,risk-seeking
15,17,3,80,250,12,210,80,risk-seeking
16,17,9,210,280,12,0,210,risk-seeking
17,17,9,157,280,12,-636,157,risk-seeking
18,17,9,172,280,12,-456,172,risk-seeking
19,17,9,80,280,12,-1560,80,risk-seeking
20,17,9,82,280,12,-1536,82,risk-seeking
21,17,9,236,275,12,357,236,risk-seeking
22,17,9,2,250,12,-2226,2,risk-seeking
23,17,9,233,280,12,276,233,risk-seeking
24,17,9,244,270,12,498,244,risk-seeking
25,17,9,208,275,12,21,208,risk-seeking
26,17,9,9,280,12,-2412,9,risk-seeking
27,17,9,122,260,12,-876,122,risk-seeking
28,17,9,252,280,12,504,252,risk-seeking
29,17,9,240,280,12,360,240,risk-seeking
30,17,9,107,280,12,-1236,107,risk-seeking
1,25,9,210,280,12,0,210,risk-seeking
2,25,9,157,270,12,-546,157,risk-seeking
3,25,9,172,280,12,-456,172,risk-seeking
4,25,9,80,250,12,-1290,80,risk-seeking
5,25,9,82,275,12,-1491,82,risk-seeking
6,25,9,236,270,12,402,236,risk-seeking
7,25,9,2,280,12,-2496,2,risk-seeking
8,25,9,233,280,12,276,233,risk-seeking
9,25,9,244,280,12,408,244,risk-seeking
10,25,9,208,280,12,-24,208,risk-seeking
11,25,9,9,280,12,-2412,9,risk-seeking
12,25,9,122,280,12,-1056,122,risk-seeking
13,25,9,252,290,12,414,252,risk-seeking
14,25,9,240,280,12,360,240,risk-seeking
15,25,9,107,280,12,-1236,107,risk-seeking
16,25,3,281,280,12,2520,280,risk-seeking
17,25,3,260,280,12,2280,260,risk-seeking
18,25,3,13,280,12,-684,13,risk-seeking
19,25,3,275,280,12,2460,275,risk-seeking
20,25,3,106,280,12,432,106,risk-seeking
21,25,3,155,280,12,1020,155,risk-seeking
22,25,3,233,300,12,1896,233,risk-seeking
23,25,3,12,275,12,-681,12,risk-seeking
24,25,3,167,280,12,1164,167,risk-seeking
25,25,3,146,300,12,852,146,risk-seeking
26,25,3,87,250,12,294,87,risk-seeking
27,25,3,180,280,12,1320,180,risk-seeking
28,25,3,188,260,12,1476,188,risk-seeking
29,25,3,77,280,12,84,77,risk-seeking
30,25,3,80,280,12,120,80,risk-seeking
1,27,9,210,280,12,0,210,risk-seeking
2,27,9,157,250,12,-366,157,risk-seeking
3,27,9,172,250,12,-186,172,risk-seeking
4,27,9,80,280,12,-1560,80,risk-seeking
5,27,9,82,280,12,-1536,82,risk-seeking
6,27,9,236,280,12,312,236,risk-seeking
7,27,9,2,280,12,-2496,2,risk-seeking
8,27,9,233,280,12,276,233,risk-seeking
9,27,9,244,280,12,408,244,risk-seeking
10,27,9,208,260,12,156,208,risk-seeking
11,27,9,9,275,12,-2367,9,risk-seeking
12,27,9,122,260,12,-876,122,risk-seeking
13,27,9,252,280,12,504,252,risk-seeking
14,27,9,240,250,12,630,240,risk-seeking
15,27,9,107,280,12,-1236,107,risk-seeking
16,27,3,281,280,12,2520,280,risk-seeking
17,27,3,260,290,12,2250,260,risk-seeking
18,27,3,13,280,12,-684,13,risk-seeking
19,27,3,275,280,12,2460,275,risk-seeking
20,27,3,106,300,12,372,106,risk-seeking
21,27,3,155,280,12,1020,155,risk-seeking
22,27,3,233,250,12,2046,233,risk-seeking
23,27,3,12,275,12,-681,12,risk-seeking
24,27,3,167,280,12,1164,167,risk-seeking
25,27,3,146,275,12,927,146,risk-seeking
26,27,3,87,280,12,204,87,risk-seeking
27,27,3,180,290,12,1290,180,risk-seeking
28,27,3,188,250,12,1506,188,risk-seeking
29,27,3,77,280,12,84,77,risk-seeking
30,27,3,80,275,12,135,80,risk-seeking
1,32,3,281,250,12,2250,250,risk-seeking
2,32,3,260,280,12,2280,260,risk-seeking
3,32,3,13,280,12,-684,13,risk-seeking
4,32,3,275,280,12,2460,275,risk-seeking
5,32,3,106,280,12,432,106,risk-seeking
7,32,3,233,250,12,2046,233,risk-seeking
8,32,3,12,280,12,-696,12,risk-seeking
9,32,3,167,275,12,1179,167,risk-seeking
10,32,3,146,275,12,927,146,risk-seeking
11,32,3,87,250,12,294,87,risk-seeking
12,32,3,180,280,12,1320,180,risk-seeking
13,32,3,188,280,12,1416,188,risk-seeking
14,32,3,77,280,12,84,77,risk-seeking
15,32,3,80,275,12,135,80,risk-seeking
16,32,9,210,250,12,270,210,risk-seeking
17,32,9,157,275,12,-591,157,risk-seeking
18,32,9,172,280,12,-456,172,risk-seeking
19,32,9,80,275,12,-1515,80,risk-seeking
20,32,9,82,250,12,-1266,82,risk-seeking
21,32,9,236,280,12,312,236,risk-seeking
22,32,9,2,245,12,-2181,2,risk-seeking
23,32,9,233,280,12,276,233,risk-seeking
24,32,9,244,250,12,678,244,risk-seeking
25,32,9,208,280,12,-24,208,risk-seeking
26,32,9,9,290,12,-2502,9,risk-seeking
27,32,9,122,280,12,-1056,122,risk-seeking
28,32,9,252,280,12,504,252,risk-seeking
29,32,9,240,280,12,360,240,risk-seeking
30,32,9,107,280,12,-1236,107,risk-seeking
1,37,3,281,250,12,2250,250,risk-seeking
2,37,3,260,250,12,2250,250,risk-seeking
3,37,3,13,280,12,-684,13,risk-seeking
5,37,3,106,280,12,432,106,risk-seeking
6,37,3,155,280,12,1020,155,risk-seeking
7,37,3,233,250,12,2046,233,risk-seeking
8,37,3,12,280,12,-696,12,risk-seeking
9,37,3,167,260,12,1224,167,risk-seeking
10,37,3,146,280,12,912,146,risk-seeking
11,37,3,87,280,12,204,87,risk-seeking
12,37,3,180,250,12,1410,180,risk-seeking
13,37,3,188,280,12,1416,188,risk-seeking
14,37,3,77,280,12,84,77,risk-seeking
15,37,3,80,280,12,120,80,risk-seeking
16,37,9,210,280,12,0,210,risk-seeking
17,37,9,157,280,12,-636,157,risk-seeking
18,37,9,172,280,12,-456,172,risk-seeking
19,37,9,80,280,12,-1560,80,risk-seeking
20,37,9,82,270,12,-1446,82,risk-seeking
22,37,9,2,250,12,-2226,2,risk-seeking
23,37,9,233,280,12,276,233,risk-seeking
24,37,9,244,250,12,678,244,risk-seeking
25,37,9,208,280,12,-24,208,risk-seeking
26,37,9,9,280,12,-2412,9,risk-seeking
27,37,9,122,270,12,-966,122,risk-seeking
28,37,9,252,280,12,504,252,risk-seeking
29,37,9,240,280,12,360,240,risk-seeking
30,37,9,107,275,12,-1191,107,risk-seeking
1,41,9,210,275,12,45,210,risk-seeking
2,41,9,157,275,12,-591,157,risk-seeking
3,41,9,172,250,12,-186,172,risk-seeking
4,41,9,80,275,12,-1515,80,risk-seeking
5,41,9,82,250,12,-1266,82,risk-seeking
6,41,9,236,260,12,492,236,risk-seeking
7,41,9,2,280,12,-2496,2,risk-seeking
8,41,9,233,250,12,546,233,risk-seeking
9,41,9,244,290,12,318,244,risk-seeking
10,41,9,208,260,12,156,208,risk-seeking
11,41,9,9,275,12,-2367,9,risk-seeking
12,41,9,122,280,12,-1056,122,risk-seeking
13,41,9,252,275,12,549,252,risk-seeking
14,41,9,240,280,12,360,240,risk-seeking
15,41,9,107,280,12,-1236,107,risk-seeking
16,41,3,281,280,12,2520,280,risk-seeking
17,41,3,260,250,12,2250,250,risk-seeking
18,41,3,13,280,12,-684,13,risk-seeking
19,41,3,275,280,12,2460,275,risk-seeking
20,41,3,106,280,12,432,106,risk-seeking
21,41,3,155,280,12,1020,155,risk-seeking
22,41,3,233,280,12,1956,233,risk-seeking
23,41,3,12,290,12,-726,12,risk-seeking
24,41,3,167,250,12,1254,167,risk-seeking
25,41,3,146,290,12,882,146,risk-seeking
26,41,3,87,280,12,204,87,risk-seeking
27,41,3,180,290,12,1290,180,risk-seeking
28,41,3,188,280,12,1416,188,risk-seeking
29,41,3,77,280,12,84,77,risk-seeking
30,41,3,80,290,12,90,80,risk-seeking
1,43,3,281,280,12,2520,280,risk-seeking
2,43,3,260,280,12,2280,260,risk-seeking
3,43,3,13,280,12,-684,13,risk-seeking
4,43,3,275,280,12,2460,275,risk-seeking
5,43,3,106,280,12,432,106,risk-seeking
6,43,3,155,250,12,1110,155,risk-seeking
7,43,3,233,270,12,1986,233,risk-seeking
8,43,3,12,250,12,-606,12,risk-seeking
9,43,3,167,280,12,1164,167,risk-seeking
10,43,3,146,280,12,912,146,risk-seeking
11,43,3,87,280,12,204,87,risk-seeking
12,43,3,180,280,12,1320,180,risk-seeking
13,43,3,188,270,12,1446,188,risk-seeking
14,43,3,77,250,12,174,77,risk-seeking
15,43,3,80,280,12,120,80,risk-seeking
16,43,9,210,260,12,180,210,risk-seeking
17,43,9,157,280,12,-636,157,risk-seeking
18,43,9,172,250,12,-186,172,risk-seeking
19,43,9,80,280,12,-1560,80,risk-seeking
20,43,9,82,280,12,-1536,82,risk-seeking
21,43,9,236,280,12,312,236,risk-seeking
22,43,9,2,280,12,-2496,2,risk-seeking
23,43,9,233,280,12,276,233,risk-seeking
24,43,9,244,280,12,408,244,risk-seeking
25,43,9,208,280,12,-24,208,risk-seeking
26,43,9,9,250,12,-2142,9,risk-seeking
27,43,9,122,250,12,-786,122,risk-seeking
28,43,9,252,280,12,504,252,risk-seeking
29,43,9,240,280,12,360,240,risk-seeking
30,43,9,107,280,12,-1236,107,risk-seeking
1,45,3,281,280,12,2520,280,risk-seeking
2,45,3,260,280,12,2280,260,risk-seeking
3,45,3,13,280,12,-684,13,risk-seeking
4,45,3,275,275,12,2475,275,risk-seeking
5,45,3,106,280,12,432,106,risk-seeking
6,45,3,155,280,12,1020,155,risk-seeking
7,45,3,233,250,12,2046,233,risk-seeking
8,45,3,12,250,12,-606,12,risk-seeking
9,45,3,167,280,12,1164,167,risk-seeking
10,45,3,146,280,12,912,146,risk-seeking
11,45,3,87,280,12,204,87,risk-seeking
12,45,3,180,280,12,1320,180,risk-seeking
13,45,3,188,290,12,1386,188,risk-seeking
14,45,3,77,280,12,84,77,risk-seeking
15,45,3,80,280,12,120,80,risk-seeking
16,45,9,210,280,12,0,210,risk-seeking
17,45,9,157,280,12,-636,157,risk-seeking
18,45,9,172,280,12,-456,172,risk-seeking
19,45,9,80,280,12,-1560,80,risk-seeking
20,45,9,82,280,12,-1536,82,risk-seeking
21,45,9,236,290,12,222,236,risk-seeking
22,45,9,2,275,12,-2451,2,risk-seeking
23,45,9,233,275,12,321,233,risk-seeking
24,45,9,244,275,12,453,244,risk-seeking
25,45,9,208,250,12,246,208,risk-seeking
26,45,9,9,280,12,-2412,9,risk-seeking
27,45,9,122,280,12,-1056,122,risk-seeking
28,45,9,252,280,12,504,252,risk-seeking
29,45,9,240,280,12,360,240,risk-seeking
30,45,9,107,280,12,-1236,107,risk-seeking
1,49,3,281,260,12,2340,260,risk-seeking
2,49,3,260,250,12,2250,250,risk-seeking
3,49,3,13,250,12,-594,13,risk-seeking
4,49,3,275,280,12,2460,275,risk-seeking
5,49,3,106,280,12,432,106,risk-seeking
6,49,3,155,280,12,1020,155,risk-seeking
7,49,3,233,280,12,1956,233,risk-seeking
8,49,3,12,280,12,-696,12,risk-seeking
9,49,3,167,270,12,1194,167,risk-seeking
10,49,3,146,280,12,912,146,risk-seeking
11,49,3,87,280,12,204,87,risk-seeking
12,49,3,180,275,12,1335,180,risk-seeking
13,49,3,188,250,12,1506,188,risk-seeking
14,49,3,77,280,12,84,77,risk-seeking
15,49,3,80,275,12,135,80,risk-seeking
16,49,9,210,280,12,0,210,risk-seeking
17,49,9,157,260,12,-456,157,risk-seeking
18,49,9,172,280,12,-456,172,risk-seeking
19,49,9,80,250,12,-1290,80,risk-seeking
20,49,9,82,280,12,-1536,82,risk-seeking
21,49,9,236,290,12,222,236,risk-seeking
22,49,9,2,280,12,-2496,2,risk-seeking
23,49,9,233,250,12,546,233,risk-seeking
24,49,9,244,280,12,408,244,risk-seeking
25,49,9,208,250,12,246,208,risk-seeking
26,49,9,9,250,12,-2142,9,risk-seeking
27,49,9,122,240,12,-696,122,risk-seeking
28,49,9,252,280,12,504,252,risk-seeking
29,49,9,240,280,12,360,240,risk-seeking
30,49,9,107,280,12,-1236,107,risk-seeking
2,58,3,260,280,12,2280,260,risk-seeking
3,58,3,13,250,12,-594,13,risk-seeking
4,58,3,275,280,12,2460,275,risk-seeking
5,58,3,106,280,12,432,106,risk-seeking
6,58,3,155,280,12,1020,155,risk-seeking
7,58,3,233,280,12,1956,233,risk-seeking
8,58,3,12,270,12,-666,12,risk-seeking
9,58,3,167,290,12,1134,167,risk-seeking
10,58,3,146,270,12,942,146,risk-seeking
11,58,3,87,280,12,204,87,risk-seeking
12,58,3,180,280,12,1320,180,risk-seeking
13,58,3,188,280,12,1416,188,risk-seeking
14,58,3,77,275,12,99,77,risk-seeking
15,58,3,80,280,12,120,80,risk-seeking
16,58,9,210,280,12,0,210,risk-seeking
17,58,9,157,280,12,-636,157,risk-seeking
18,58,9,172,300,12,-636,172,risk-seeking
19,58,9,80,280,12,-1560,80,risk-seeking
20,58,9,82,270,12,-1446,82,risk-seeking
21,58,9,236,250,12,582,236,risk-seeking
22,58,9,2,250,12,-2226,2,risk-seeking
23,58,9,233,250,12,546,233,risk-seeking
24,58,9,244,250,12,678,244,risk-seeking
25,58,9,208,280,12,-24,208,risk-seeking
26,58,9,9,280,12,-2412,9,risk-seeking
27,58,9,122,290,12,-1146,122,risk-seeking
28,58,9,252,280,12,504,252,risk-seeking
29,58,9,240,290,12,270,240,risk-seeking
30,58,9,107,280,12,-1236,107,risk-seeking
1,61,3,281,250,12,2250,250,risk-seeking
2,61,3,260,250,12,2250,250,risk-seeking
3,61,3,13,280,12,-684,13,risk-seeking
4,61,3,275,280,12,2460,275,risk-seeking
5,61,3,106,280,12,432,106,risk-seeking
6,61,3,155,280,12,1020,155,risk-seeking
7,61,3,233,280,12,1956,233,risk-seeking
8,61,3,12,250,12,-606,12,risk-seeking
9,61,3,167,250,12,1254,167,risk-seeking
10,61,3,146,280,12,912,146,risk-seeking
11,61,3,87,280,12,204,87,risk-seeking
12,61,3,180,280,12,1320,180,risk-seeking
13,61,3,188,280,12,1416,188,risk-seeking
14,61,3,77,250,12,174,77,risk-seeking
15,61,3,80,270,12,150,80,risk-seeking
16,61,9,210,280,12,0,210,risk-seeking
17,61,9,157,280,12,-636,157,risk-seeking
18,61,9,172,280,12,-456,172,risk-seeking
19,61,9,80,275,12,-1515,80,risk-seeking
20,61,9,82,280,12,-1536,82,risk-seeking
21,61,9,236,280,12,312,236,risk-seeking
22,61,9,2,275,12,-2451,2,risk-seeking
23,61,9,233,280,12,276,233,risk-seeking
24,61,9,244,280,12,408,244,risk-seeking
25,61,9,208,275,12,21,208,risk-seeking
26,61,9,9,280,12,-2412,9,risk-seeking
27,61,9,122,280,12,-1056,122,risk-seeking
28,61,9,252,280,12,504,252,risk-seeking
29,61,9,240,275,12,405,240,risk-seeking
30,61,9,107,300,12,-1416,107,risk-seeking
1,69,3,281,290,12,2502,281,risk-seeking
2,69,3,260,250,12,2250,250,risk-seeking
3,69,3,13,280,12,-684,13,risk-seeking
4,69,3,275,270,12,2430,270,risk-seeking
5,69,3,106,280,12,432,106,risk-seeking
6,69,3,155,280,12,1020,155,risk-seeking
7,69,3,233,280,12,1956,233,risk-seeking
8,69,3,12,280,12,-696,12,risk-seeking
9,69,3,167,250,12,1254,167,risk-seeking
10,69,3,146,290,12,882,146,risk-seeking
11,69,3,87,280,12,204,87,risk-seeking
12,69,3,180,280,12,1320,180,risk-seeking
13,69,3,188,270,12,1446,188,risk-seeking
14,69,3,77,280,12,84,77,risk-seeking
15,69,3,80,250,12,210,80,risk-seeking
16,69,9,210,280,12,0,210,risk-seeking
17,69,9,157,280,12,-636,157,risk-seeking
18,69,9,172,280,12,-456,172,risk-seeking
19,69,9,80,250,12,-1290,80,risk-seeking
20,69,9,82,280,12,-1536,82,risk-seeking
21,69,9,236,275,12,357,236,risk-seeking
22,69,9,2,280,12,-2496,2,risk-seeking
23,69,9,233,280,12,276,233,risk-seeking
24,69,9,244,280,12,408,244,risk-seeking
25,69,9,208,280,12,-24,208,risk-seeking
26,69,9,9,290,12,-2502,9,risk-seeking
27,69,9,122,280,12,-1056,122,risk-seeking
28,69,9,252,280,12,504,252,risk-seeking
29,69,9,240,290,12,270,240,risk-seeking
30,69,9,107,280,12,-1236,107,risk-seeking
1,72,9,210,280,12,0,210,risk-seeking
2,72,9,157,280,12,-636,157,risk-seeking
3,72,9,172,280,12,-456,172,risk-seeking
4,72,9,80,275,12,-1515,80,risk-seeking
5,72,9,82,280,12,-1536,82,risk-seeking
6,72,9,236,280,12,312,236,risk-seeking
7,72,9,2,280,12,-2496,2,risk-seeking
8,72,9,233,280,12,276,233,risk-seeking
9,72,9,244,250,12,678,244,risk-seeking
10,72,9,208,280,12,-24,208,risk-seeking
11,72,9,9,280,12,-2412,9,risk-seeking
12,72,9,122,280,12,-1056,122,risk-seeking
13,72,9,252,280,12,504,252,risk-seeking
14,72,9,240,250,12,630,240,risk-seeking
15,72,9,107,285,12,-1281,107,risk-seeking
16,72,3,281,250,12,2250,250,risk-seeking
17,72,3,260,290,12,2250,260,risk-seeking
18,72,3,13,280,12,-684,13,risk-seeking
19,72,3,275,280,12,2460,275,risk-seeking
20,72,3,106,280,12,432,106,risk-seeking
21,72,3,155,280,12,1020,155,risk-seeking
22,72,3,233,280,12,1956,233,risk-seeking
23,72,3,12,250,12,-606,12,risk-seeking
24,72,3,167,280,12,1164,167,risk-seeking
25,72,3,146,280,12,912,146,risk-seeking
26,72,3,87,290,12,174,87,risk-seeking
27,72,3,180,280,12,1320,180,risk-seeking
28,72,3,188,280,12,1416,188,risk-seeking
29,72,3,77,280,12,84,77,risk-seeking
30,72,3,80,280,12,120,80,risk-seeking
1,73,9,210,280,12,0,210,risk-seeking
2,73,9,157,270,12,-546,157,risk-seeking
3,73,9,172,280,12,-456,172,risk-seeking
4,73,9,80,260,12,-1380,80,risk-seeking
5,73,9,82,280,12,-1536,82,risk-seeking
6,73,9,236,280,12,312,236,risk-seeking
7,73,9,2,280,12,-2496,2,risk-seeking
8,73,9,233,290,12,186,233,risk-seeking
9,73,9,244,280,12,408,244,risk-seeking
10,73,9,208,300,12,-204,208,risk-seeking
11,73,9,9,260,12,-2232,9,risk-seeking
12,73,9,122,280,12,-1056,122,risk-seeking
13,73,9,252,280,12,504,252,risk-seeking
14,73,9,240,280,12,360,240,risk-seeking
15,73,9,107,280,12,-1236,107,risk-seeking
16,73,3,281,285,12,2517,281,risk-seeking
17,73,3,260,280,12,2280,260,risk-seeking
18,73,3,13,250,12,-594,13,risk-seeking
19,73,3,275,280,12,2460,275,risk-seeking
20,73,3,106,290,12,402,106,risk-seeking
21,73,3,155,280,12,1020,155,risk-seeking
22,73,3,233,280,12,1956,233,risk-seeking
23,73,3,12,280,12,-696,12,risk-seeking
24,73,3,167,280,12,1164,167,risk-seeking
25,73,3,146,280,12,912,146,risk-seeking
26,73,3,87,285,12,189,87,risk-seeking
27,73,3,180,280,12,1320,180,risk-seeking
28,73,3,188,280,12,1416,188,risk-seeking
29,73,3,77,280,12,84,77,risk-seeking
30,73,3,80,280,12,120,80,risk-seeking
1,75,9,210,250,12,270,210,risk-seeking
2,75,9,157,280,12,-636,157,risk-seeking
3,75,9,172,280,12,-456,172,risk-seeking
4,75,9,80,280,12,-1560,80,risk-seeking
5,75,9,82,280,12,-1536,82,risk-seeking
6,75,9,236,270,12,402,236,risk-seeking
7,75,9,2,280,12,-2496,2,risk-seeking
8,75,9,233,280,12,276,233,risk-seeking
9,75,9,244,270,12,498,244,risk-seeking
10,75,9,208,290,12,-114,208,risk-seeking
11,75,9,9,250,12,-2142,9,risk-seeking
12,75,9,122,270,12,-966,122,risk-seeking
13,75,9,252,280,12,504,252,risk-seeking
14,75,9,240,280,12,360,240,risk-seeking
15,75,9,107,280,12,-1236,107,risk-seeking
16,75,3,281,280,12,2520,280,risk-seeking
17,75,3,260,270,12,2310,260,risk-seeking
18,75,3,13,280,12,-684,13,risk-seeking
19,75,3,275,280,12,2460,275,risk-seeking
20,75,3,106,280,12,432,106,risk-seeking
21,75,3,155,290,12,990,155,risk-seeking
22,75,3,233,280,12,1956,233,risk-seeking
23,75,3,12,280,12,-696,12,risk-seeking
24,75,3,167,280,12,1164,167,risk-seeking
25,75,3,146,280,12,912,146,risk-seeking
26,75,3,87,280,12,204,87,risk-seeking
27,75,3,180,280,12,1320,180,risk-seeking
28,75,3,188,280,12,1416,188,risk-seeking
29,75,3,77,280,12,84,77,risk-seeking
30,75,3,80,280,12,120,80,risk-seeking
1,76,3,281,300,12,2472,281,risk-seeking
2,76,3,260,280,12,2280,260,risk-seeking
3,76,3,13,280,12,-684,13,risk-seeking
4,76,3,275,280,12,2460,275,risk-seeking
5,76,3,106,250,12,522,106,risk-seeking
6,76,3,155,280,12,1020,155,risk-seeking
7,76,3,233,275,12,1971,233,risk-seeking
8,76,3,12,250,12,-606,12,risk-seeking
9,76,3,167,270,12,1194,167,risk-seeking
10,76,3,146,250,12,1002,146,risk-seeking
11,76,3,87,280,12,204,87,risk-seeking
12,76,3,180,290,12,1290,180,risk-seeking
13,76,3,188,280,12,1416,188,risk-seeking
14,76,3,77,275,12,99,77,risk-seeking
15,76,3,80,280,12,120,80,risk-seeking
16,76,9,210,290,12,-90,210,risk-seeking
17,76,9,157,280,12,-636,157,risk-seeking
18,76,9,172,275,12,-411,172,risk-seeking
19,76,9,80,280,12,-1560,80,risk-seeking
20,76,9,82,270,12,-1446,82,risk-seeking
21,76,9,236,280,12,312,236,risk-seeking
22,76,9,2,280,12,-2496,2,risk-seeking
23,76,9,233,280,12,276,233,risk-seeking
24,76,9,244,280,12,408,244,risk-seeking
25,76,9,208,280,12,-24,208,risk-seeking
26,76,9,9,280,12,-2412,9,risk-seeking
27,76,9,122,300,12,-1236,122,risk-seeking
28,76,9,252,230,12,690,230,risk-seeking
29,76,9,240,280,12,360,240,risk-seeking
30,76,9,107,280,12,-1236,107,risk-seeking
1,78,3,281,300,12,2472,281,risk-seeking
2,78,3,260,275,12,2295,260,risk-seeking
3,78,3,13,285,12,-699,13,risk-seeking
4,78,3,275,280,12,2460,275,risk-seeking
5,78,3,106,280,12,432,106,risk-seeking
6,78,3,155,300,12,960,155,risk-seeking
7,78,3,233,280,12,1956,233,risk-seeking
8,78,3,12,290,12,-726,12,risk-seeking
9,78,3,167,280,12,1164,167,risk-seeking
10,78,3,146,280,12,912,146,risk-seeking
11,78,3,87,250,12,294,87,risk-seeking
12,78,3,180,275,12,1335,180,risk-seeking
13,78,3,188,250,12,1506,188,risk-seeking
14,78,3,77,280,12,84,77,risk-seeking
15,78,3,80,280,12,120,80,risk-seeking
16,78,9,210,280,12,0,210,risk-seeking
17,78,9,157,280,12,-636,157,risk-seeking
18,78,9,172,280,12,-456,172,risk-seeking
19,78,9,80,280,12,-1560,80,risk-seeking
20,78,9,82,250,12,-1266,82,risk-seeking
21,78,9,236,280,12,312,236,risk-seeking
22,78,9,2,290,12,-2586,2,risk-seeking
23,78,9,233,280,12,276,233,risk-seeking
24,78,9,244,280,12,408,244,risk-seeking
25,78,9,208,275,12,21,208,risk-seeking
26,78,9,9,275,12,-2367,9,risk-seeking
27,78,9,122,290,12,-1146,122,risk-seeking
28,78,9,252,280,12,504,252,risk-seeking
29,78,9,240,280,12,360,240,risk-seeking
30,78,9,107,280,12,-1236,107,risk-seeking
1,79,9,210,280,12,0,210,risk-seeking
2,79,9,157,250,12,-366,157,risk-seeking
3,79,9,172,280,12,-456,172,risk-seeking
4,79,9,80,280,12,-1560,80,risk-seeking
5,79,9,82,280,12,-1536,82,risk-seeking
6,79,9,236,280,12,312,236,risk-seeking
7,79,9,2,250,12,-2226,2,risk-seeking
8,79,9,233,280,12,276,233,risk-seeking
9,79,9,244,280,12,408,244,risk-seeking
10,79,9,208,280,12,-24,208,risk-seeking
11,79,9,9,280,12,-2412,9,risk-seeking
12,79,9,122,280,12,-1056,122,risk-seeking
13,79,9,252,250,12,750,250,risk-seeking
14,79,9,240,290,12,270,240,risk-seeking
15,79,9,107,280,12,-1236,107,risk-seeking
16,79,3,281,290,12,2502,281,risk-seeking
17,79,3,260,280,12,2280,260,risk-seeking
18,79,3,13,280,12,-684,13,risk-seeking
19,79,3,275,275,12,2475,275,risk-seeking
20,79,3,106,275,12,447,106,risk-seeking
21,79,3,155,275,12,1035,155,risk-seeking
22,79,3,233,280,12,1956,233,risk-seeking
23,79,3,12,290,12,-726,12,risk-seeking
24,79,3,167,280,12,1164,167,risk-seeking
25,79,3,146,280,12,912,146,risk-seeking
26,79,3,87,280,12,204,87,risk-seeking
27,79,3,180,280,12,1320,180,risk-seeking
28,79,3,188,280,12,1416,188,risk-seeking
29,79,3,77,250,12,174,77,risk-seeking
30,79,3,80,280,12,120,80,risk-seeking
1,82,3,281,250,12,2250,250,risk-seeking
2,82,3,260,250,12,2250,250,risk-seeking
3,82,3,13,280,12,-684,13,risk-seeking
4,82,3,275,280,12,2460,275,risk-seeking
5,82,3,106,280,12,432,106,risk-seeking
6,82,3,155,280,12,1020,155,risk-seeking
7,82,3,233,280,12,1956,233,risk-seeking
8,82,3,12,275,12,-681,12,risk-seeking
9,82,3,167,280,12,1164,167,risk-seeking
10,82,3,146,280,12,912,146,risk-seeking
11,82,3,87,280,12,204,87,risk-seeking
12,82,3,180,290,12,1290,180,risk-seeking
13,82,3,188,280,12,1416,188,risk-seeking
14,82,3,77,280,12,84,77,risk-seeking
15,82,3,80,290,12,90,80,risk-seeking
16,82,9,210,270,12,90,210,risk-seeking
17,82,9,157,260,12,-456,157,risk-seeking
18,82,9,172,280,12,-456,172,risk-seeking
19,82,9,80,260,12,-1380,80,risk-seeking
20,82,9,82,280,12,-1536,82,risk-seeking
21,82,9,236,290,12,222,236,risk-seeking
22,82,9,2,280,12,-2496,2,risk-seeking
23,82,9,233,290,12,186,233,risk-seeking
24,82,9,244,280,12,408,244,risk-seeking
25,82,9,208,280,12,-24,208,risk-seeking
26,82,9,9,260,12,-2232,9,risk-seeking
27,82,9,122,290,12,-1146,122,risk-seeking
28,82,9,252,280,12,504,252,risk-seeking
29,82,9,240,250,12,630,240,risk-seeking
30,82,9,107,280,12,-1236,107,risk-seeking
1,83,9,210,280,12,0,210,risk-seeking
2,83,9,157,280,12,-636,157,risk-seeking
3,83,9,172,275,12,-411,172,risk-seeking
4,83,9,80,270,12,-1470,80,risk-seeking
5,83,9,82,275,12,-1491,82,risk-seeking
6,83,9,236,280,12,312,236,risk-seeking
7,83,9,2,280,12,-2496,2,risk-seeking
8,83,9,233,280,12,276,233,risk-seeking
9,83,9,244,280,12,408,244,risk-seeking
10,83,9,208,280,12,-24,208,risk-seeking
11,83,9,9,280,12,-2412,9,risk-seeking
12,83,9,122,280,12,-1056,122,risk-seeking
13,83,9,252,280,12,504,252,risk-seeking
14,83,9,240,280,12,360,240,risk-seeking
15,83,9,107,280,12,-1236,107,risk-seeking
16,83,3,281,280,12,2520,280,risk-seeking
17,83,3,260,280,12,2280,260,risk-seeking
18,83,3,13,280,12,-684,13,risk-seeking
19,83,3,275,280,12,2460,275,risk-seeking
20,83,3,106,280,12,432,106,risk-seeking
21,83,3,155,280,12,1020,155,risk-seeking
22,83,3,233,270,12,1986,233,risk-seeking
23,83,3,12,290,12,-726,12,risk-seeking
24,83,3,167,280,12,1164,167,risk-seeking
25,83,3,146,280,12,912,146,risk-seeking
26,83,3,87,280,12,204,87,risk-seeking
27,83,3,180,260,12,1380,180,risk-seeking
28,83,3,188,280,12,1416,188,risk-seeking
29,83,3,77,280,12,84,77,risk-seeking
30,83,3,80,280,12,120,80,risk-seeking
1,84,3,281,250,12,2250,250,risk-seeking
2,84,3,260,250,12,2250,250,risk-seeking
3,84,3,13,280,12,-684,13,risk-seeking
4,84,3,275,280,12,2460,275,risk-seeking
5,84,3,106,280,12,432,106,risk-seeking
6,84,3,155,280,12,1020,155,risk-seeking
7,84,3,233,280,12,1956,233,risk-seeking
8,84,3,12,280,12,-696,12,risk-seeking
9,84,3,167,290,12,1134,167,risk-seeking
10,84,3,146,280,12,912,146,risk-seeking
11,84,3,87,280,12,204,87,risk-seeking
12,84,3,180,280,12,1320,180,risk-seeking
13,84,3,188,280,12,1416,188,risk-seeking
14,84,3,77,250,12,174,77,risk-seeking
15,84,3,80,280,12,120,80,risk-seeking
16,84,9,210,280,12,0,210,risk-seeking
17,84,9,157,280,12,-636,157,risk-seeking
18,84,9,172,280,12,-456,172,risk-seeking
19,84,9,80,275,12,-1515,80,risk-seeking
20,84,9,82,290,12,-1626,82,risk-seeking
21,84,9,236,260,12,492,236,risk-seeking
22,84,9,2,280,12,-2496,2,risk-seeking
23,84,9,233,270,12,366,233,risk-seeking
24,84,9,244,280,12,408,244,risk-seeking
25,84,9,208,280,12,-24,208,risk-seeking
26,84,9,9,280,12,-2412,9,risk-seeking
27,84,9,122,275,12,-1011,122,risk-seeking
28,84,9,252,270,12,594,252,risk-seeking
29,84,9,240,260,12,540,240,risk-seeking
30,84,9,107,280,12,-1236,107,risk-seeking
1,85,3,281,300,12,2472,281,risk-seeking
2,85,3,260,280,12,2280,260,risk-seeking
3,85,3,13,260,12,-624,13,risk-seeking
4,85,3,275,280,12,2460,275,risk-seeking
5,85,3,106,250,12,522,106,risk-seeking
6,85,3,155,280,12,1020,155,risk-seeking
7,85,3,233,275,12,1971,233,risk-seeking
8,85,3,12,280,12,-696,12,risk-seeking
9,85,3,167,250,12,1254,167,risk-seeking
10,85,3,146,280,12,912,146,risk-seeking
11,85,3,87,280,12,204,87,risk-seeking
12,85,3,180,250,12,1410,180,risk-seeking
13,85,3,188,280,12,1416,188,risk-seeking
14,85,3,77,280,12,84,77,risk-seeking
15,85,3,80,280,12,120,80,risk-seeking
16,85,9,210,250,12,270,210,risk-seeking
17,85,9,157,290,12,-726,157,risk-seeking
18,85,9,172,290,12,-546,172,risk-seeking
19,85,9,80,290,12,-1650,80,risk-seeking
20,85,9,82,270,12,-1446,82,risk-seeking
21,85,9,236,275,12,357,236,risk-seeking
22,85,9,2,280,12,-2496,2,risk-seeking
23,85,9,233,280,12,276,233,risk-seeking
24,85,9,244,250,12,678,244,risk-seeking
25,85,9,208,250,12,246,208,risk-seeking
26,85,9,9,250,12,-2142,9,risk-seeking
27,85,9,122,250,12,-786,122,risk-seeking
28,85,9,252,280,12,504,252,risk-seeking
29,85,9,240,260,12,540,240,risk-seeking
30,85,9,107,280,12,-1236,107,risk-seeking
1,92,9,210,280,12,0,210,risk-seeking
2,92,9,157,280,12,-636,157,risk-seeking
3,92,9,172,270,12,-366,172,risk-seeking
4,92,9,80,280,12,-1560,80,risk-seeking
5,92,9,82,250,12,-1266,82,risk-seeking
6,92,9,236,280,12,312,236,risk-seeking
7,92,9,2,250,12,-2226,2,risk-seeking
8,92,9,233,275,12,321,233,risk-seeking
9,92,9,244,280,12,408,244,risk-seeking
10,92,9,208,280,12,-24,208,risk-seeking
11,92,9,9,280,12,-2412,9,risk-seeking
12,92,9,122,250,12,-786,122,risk-seeking
13,92,9,252,280,12,504,252,risk-seeking
14,92,9,240,290,12,270,240,risk-seeking
15,92,9,107,280,12,-1236,107,risk-seeking
16,92,3,281,280,12,2520,280,risk-seeking
17,92,3,260,290,12,2250,260,risk-seeking
18,92,3,13,250,12,-594,13,risk-seeking
19,92,3,275,275,12,2475,275,risk-seeking
20,92,3,106,280,12,432,106,risk-seeking
21,92,3,155,300,12,960,155,risk-seeking
22,92,3,233,270,12,1986,233,risk-seeking
23,92,3,12,250,12,-606,12,risk-seeking
24,92,3,167,260,12,1224,167,risk-seeking
25,92,3,146,280,12,912,146,risk-seeking
26,92,3,87,280,12,204,87,risk-seeking
27,92,3,180,280,12,1320,180,risk-seeking
28,92,3,188,280,12,1416,188,risk-seeking
29,92,3,77,280,12,84,77,risk-seeking
30,92,3,80,290,12,90,80,risk-seeking
1,94,9,210,280,12,0,210,risk-seeking
2,94,9,157,280,12,-636,157,risk-seeking
3,94,9,172,260,12,-276,172,risk-seeking
4,94,9,80,280,12,-1560,80,risk-seeking
5,94,9,82,280,12,-1536,82,risk-seeking
6,94,9,236,280,12,312,236,risk-seeking
7,94,9,2,290,12,-2586,2,risk-seeking
8,94,9,233,275,12,321,233,risk-seeking
9,94,9,244,280,12,408,244,risk-seeking
10,94,9,208,280,12,-24,208,risk-seeking
11,94,9,9,280,12,-2412,9,risk-seeking
12,94,9,122,280,12,-1056,122,risk-seeking
13,94,9,252,280,12,504,252,risk-seeking
14,94,9,240,260,12,540,240,risk-seeking
15,94,9,107,280,12,-1236,107,risk-seeking
16,94,3,281,250,12,2250,250,risk-seeking
17,94,3,260,280,12,2280,260,risk-seeking
18,94,3,13,280,12,-684,13,risk-seeking
19,94,3,275,250,12,2250,250,risk-seeking
20,94,3,106,280,12,432,106,risk-seeking
21,94,3,155,275,12,1035,155,risk-seeking
22,94,3,233,280,12,1956,233,risk-seeking
23,94,3,12,280,12,-696,12,risk-seeking
24,94,3,167,250,12,1254,167,risk-seeking
25,94,3,146,275,12,927,146,risk-seeking
26,94,3,87,280,12,204,87,risk-seeking
27,94,3,180,260,12,1380,180,risk-seeking
28,94,3,188,280,12,1416,188,risk-seeking
29,94,3,77,250,12,174,77,risk-seeking
30,94,3,80,280,12,120,80,risk-seeking
1,99,9,210,280,12,0,210,risk-seeking
2,99,9,157,250,12,-366,157,risk-seeking
3,99,9,172,275,12,-411,172,risk-seeking
4,99,9,80,250,12,-1290,80,risk-seeking
5,99,9,82,280,12,-1536,82,risk-seeking
6,99,9,236,280,12,312,236,risk-seeking
7,99,9,2,240,12,-2136,2,risk-seeking
8,99,9,233,250,12,546,233,risk-seeking
9,99,9,244,270,12,498,244,risk-seeking
10,99,9,208,280,12,-24,208,risk-seeking
11,99,9,9,275,12,-2367,9,risk-seeking
12,99,9,122,280,12,-1056,122,risk-seeking
13,99,9,252,280,12,504,252,risk-seeking
14,99,9,240,260,12,540,240,risk-seeking
15,99,9,107,250,12,-966,107,risk-seeking
16,99,3,281,280,12,2520,280,risk-seeking
17,99,3,260,280,12,2280,260,risk-seeking
18,99,3,13,280,12,-684,13,risk-seeking
19,99,3,275,280,12,2460,275,risk-seeking
20,99,3,106,250,12,522,106,risk-seeking
21,99,3,155,280,12,1020,155,risk-seeking
22,99,3,233,280,12,1956,233,risk-seeking
23,99,3,12,275,12,-681,12,risk-seeking
24,99,3,167,280,12,1164,167,risk-seeking
25,99,3,146,280,12,912,146,risk-seeking
26,99,3,87,280,12,204,87,risk-seeking
27,99,3,180,290,12,1290,180,risk-seeking
28,99,3,188,280,12,1416,188,risk-seeking
29,99,3,77,280,12,84,77,risk-seeking
30,99,3,80,280,12,120,80,risk-seeking
1,103,9,210,280,12,0,210,risk-seeking
2,103,9,157,280,12,-636,157,risk-seeking
3,103,9,172,280,12,-456,172,risk-seeking
4,103,9,80,250,12,-1290,80,risk-seeking
5,103,9,82,280,12,-1536,82,risk-seeking
6,103,9,236,280,12,312,236,risk-seeking
7,103,9,2,290,12,-2586,2,risk-seeking
8,103,9,233,280,12,276,233,risk-seeking
9,103,9,244,280,12,408,244,risk-seeking
10,103,9,208,280,12,-24,208,risk-seeking
11,103,9,9,250,12,-2142,9,risk-seeking
12,103,9,122,275,12,-1011,122,risk-seeking
13,103,9,252,280,12,504,252,risk-seeking
14,103,9,240,275,12,405,240,risk-seeking
15,103,9,107,270,12,-1146,107,risk-seeking
16,103,3,281,280,12,2520,280,risk-seeking
17,103,3,260,280,12,2280,260,risk-seeking
18,103,3,13,260,12,-624,13,risk-seeking
19,103,3,275,270,12,2430,270,risk-seeking
20,103,3,106,280,12,432,106,risk-seeking
21,103,3,155,250,12,1110,155,risk-seeking
22,103,3,233,280,12,1956,233,risk-seeking
23,103,3,12,280,12,-696,12,risk-seeking
24,103,3,167,280,12,1164,167,risk-seeking
25,103,3,146,280,12,912,146,risk-seeking
26,103,3,87,280,12,204,87,risk-seeking
27,103,3,180,280,12,1320,180,risk-seeking
28,103,3,188,280,12,1416,188,risk-seeking
29,103,3,77,275,12,99,77,risk-seeking
30,103,3,80,280,12,120,80,risk-seeking
1,104,9,210,300,12,-180,210,risk-seeking
2,104,9,157,275,12,-591,157,risk-seeking
3,104,9,172,290,12,-546,172,risk-seeking
4,104,9,80,290,12,-1650,80,risk-seeking
5,104,9,82,270,12,-1446,82,risk-seeking
6,104,9,236,280,12,312,236,risk-seeking
7,104,9,2,280,12,-2496,2,risk-seeking
8,104,9,233,250,12,546,233,risk-seeking
9,104,9,244,280,12,408,244,risk-seeking
10,104,9,208,290,12,-114,208,risk-seeking
11,104,9,9,260,12,-2232,9,risk-seeking
12,104,9,122,250,12,-786,122,risk-seeking
13,104,9,252,280,12,504,252,risk-seeking
14,104,9,240,280,12,360,240,risk-seeking
15,104,9,107,280,12,-1236,107,risk-seeking
16,104,3,281,280,12,2520,280,risk-seeking
17,104,3,260,290,12,2250,260,risk-seeking
18,104,3,13,280,12,-684,13,risk-seeking
19,104,3,275,260,12,2340,260,risk-seeking
20,104,3,106,280,12,432,106,risk-seeking
21,104,3,155,280,12,1020,155,risk-seeking
22,104,3,233,290,12,1926,233,risk-seeking
23,104,3,12,280,12,-696,12,risk-seeking
24,104,3,167,280,12,1164,167,risk-seeking
25,104,3,146,250,12,1002,146,risk-seeking
26,104,3,87,290,12,174,87,risk-seeking
27,104,3,180,250,12,1410,180,risk-seeking
28,104,3,188,280,12,1416,188,risk-seeking
29,104,3,77,280,12,84,77,risk-seeking
30,104,3,80,280,12,120,80,risk-seeking
1,105,9,210,280,12,0,210,risk-seeking
2,105,9,157,280,12,-636,157,risk-seeking
3,105,9,172,280,12,-456,172,risk-seeking
4,105,9,80,280,12,-1560,80,risk-seeking
5,105,9,82,280,12,-1536,82,risk-seeking
6,105,9,236,280,12,312,236,risk-seeking
7,105,9,2,300,12,-2676,2,risk-seeking
8,105,9,233,280,12,276,233,risk-seeking
9,105,9,244,280,12,408,244,risk-seeking
10,105,9,208,280,12,-24,208,risk-seeking
11,105,9,9,270,12,-2322,9,risk-seeking
12,105,9,122,280,12,-1056,122,risk-seeking
13,105,9,252,280,12,504,252,risk-seeking
14,105,9,240,270,12,450,240,risk-seeking
15,105,9,107,280,12,-1236,107,risk-seeking
16,105,3,281,275,12,2475,275,risk-seeking
17,105,3,260,280,12,2280,260,risk-seeking
18,105,3,13,300,12,-744,13,risk-seeking
19,105,3,275,290,12,2430,275,risk-seeking
20,105,3,106,290,12,402,106,risk-seeking
21,105,3,155,280,12,1020,155,risk-seeking
22,105,3,233,280,12,1956,233,risk-seeking
23,105,3,12,280,12,-696,12,risk-seeking
24,105,3,167,280,12,1164,167,risk-seeking
25,105,3,146,260,12,972,146,risk-seeking
26,105,3,87,270,12,234,87,risk-seeking
27,105,3,180,280,12,1320,180,risk-seeking
28,105,3,188,280,12,1416,188,risk-seeking
29,105,3,77,280,12,84,77,risk-seeking
30,105,3,80,250,12,210,80,risk-seeking
1,108,3,281,280,12,2520,280,risk-seeking
2,108,3,260,280,12,2280,260,risk-seeking
3,108,3,13,280,12,-684,13,risk-seeking
4,108,3,275,280,12,2460,275,risk-seeking
5,108,3,106,280,12,432,106,risk-seeking
6,108,3,155,250,12,1110,155,risk-seeking
7,108,3,233,280,12,1956,233,risk-seeking
8,108,3,12,220,12,-516,12,risk-seeking
9,108,3,167,280,12,1164,167,risk-seeking
10,108,3,146,250,12,1002,146,risk-seeking
11,108,3,87,275,12,219,87,risk-seeking
12,108,3,180,250,12,1410,180,risk-seeking
13,108,3,188,260,12,1476,188,risk-seeking
14,108,3,77,250,12,174,77,risk-seeking
15,108,3,80,280,12,120,80,risk-seeking
16,108,9,210,280,12,0,210,risk-seeking
17,108,9,157,290,12,-726,157,risk-seeking
18,108,9,172,290,12,-546,172,risk-seeking
19,108,9,80,280,12,-1560,80,risk-seeking
20,108,9,82,280,12,-1536,82,risk-seeking
21,108,9,236,280,12,312,236,risk-seeking
22,108,9,2,280,12,-2496,2,risk-seeking
23,108,9,233,280,12,276,233,risk-seeking
24,108,9,244,275,12,453,244,risk-seeking
25,108,9,208,280,12,-24,208,risk-seeking
26,108,9,9,270,12,-2322,9,risk-seeking
27,108,9,122,280,12,-1056,122,risk-seeking
28,108,9,252,250,12,750,250,risk-seeking
29,108,9,240,250,12,630,240,risk-seeking
30,108,9,107,280,12,-1236,107,risk-seeking
1,110,3,281,280,12,2520,280,risk-seeking
2,110,3,260,275,12,2295,260,risk-seeking
3,110,3,13,280,12,-684,13,risk-seeking
4,110,3,275,280,12,2460,275,risk-seeking
5,110,3,106,280,12,432,106,risk-seeking
6,110,3,155,280,12,1020,155,risk-seeking
7,110,3,233,280,12,1956,233,risk-seeking
8,110,3,12,270,12,-666,12,risk-seeking
9,110,3,167,280,12,1164,167,risk-seeking
10,110,3,146,280,12,912,146,risk-seeking
11,110,3,87,280,12,204,87,risk-seeking
12,110,3,180,250,12,1410,180,risk-seeking
13,110,3,188,270,12,1446,188,risk-seeking
14,110,3,77,290,12,54,77,risk-seeking
15,110,3,80,280,12,120,80,risk-seeking
16,110,9,210,280,12,0,210,risk-seeking
17,110,9,157,250,12,-366,157,risk-seeking
18,110,9,172,280,12,-456,172,risk-seeking
19,110,9,80,290,12,-1650,80,risk-seeking
20,110,9,82,280,12,-1536,82,risk-seeking
21,110,9,236,280,12,312,236,risk-seeking
22,110,9,2,270,12,-2406,2,risk-seeking
23,110,9,233,280,12,276,233,risk-seeking
24,110,9,244,290,12,318,244,risk-seeking
25,110,9,208,280,12,-24,208,risk-seeking
26,110,9,9,280,12,-2412,9,risk-seeking
27,110,9,122,290,12,-1146,122,risk-seeking
28,110,9,252,280,12,504,252,risk-seeking
29,110,9,240,280,12,360,240,risk-seeking
30,110,9,107,280,12,-1236,107,risk-seeking
1,114,9,210,280,12,0,210,risk-seeking
2,114,9,157,250,12,-366,157,risk-seeking
3,114,9,172,260,12,-276,172,risk-seeking
4,114,9,80,280,12,-1560,80,risk-seeking
5,114,9,82,280,12,-1536,82,risk-seeking
6,114,9,236,280,12,312,236,risk-seeking
7,114,9,2,280,12,-2496,2,risk-seeking
8,114,9,233,290,12,186,233,risk-seeking
9,114,9,244,275,12,453,244,risk-seeking
10,114,9,208,280,12,-24,208,risk-seeking
11,114,9,9,280,12,-2412,9,risk-seeking
12,114,9,122,290,12,-1146,122,risk-seeking
13,114,9,252,280,12,504,252,risk-seeking
14,114,9,240,280,12,360,240,risk-seeking
15,114,9,107,250,12,-966,107,risk-seeking
16,114,3,281,280,12,2520,280,risk-seeking
17,114,3,260,280,12,2280,260,risk-seeking
18,114,3,13,280,12,-684,13,risk-seeking
19,114,3,275,275,12,2475,275,risk-seeking
20,114,3,106,280,12,432,106,risk-seeking
21,114,3,155,280,12,1020,155,risk-seeking
22,114,3,233,280,12,1956,233,risk-seeking
23,114,3,12,280,12,-696,12,risk-seeking
24,114,3,167,280,12,1164,167,risk-seeking
25,114,3,146,280,12,912,146,risk-seeking
26,114,3,87,275,12,219,87,risk-seeking
27,114,3,180,280,12,1320,180,risk-seeking
28,114,3,188,280,12,1416,188,risk-seeking
29,114,3,77,300,12,24,77,risk-seeking
30,114,3,80,280,12,120,80,risk-seeking
1,116,9,210,280,12,0,210,risk-seeking
2,116,9,157,280,12,-636,157,risk-seeking
3,116,9,172,280,12,-456,172,risk-seeking
4,116,9,80,260,12,-1380,80,risk-seeking
5,116,9,82,280,12,-1536,82,risk-seeking
6,116,9,236,280,12,312,236,risk-seeking
7,116,9,2,280,12,-2496,2,risk-seeking
8,116,9,233,280,12,276,233,risk-seeking
9,116,9,244,280,12,408,244,risk-seeking
10,116,9,208,280,12,-24,208,risk-seeking
11,116,9,9,280,12,-2412,9,risk-seeking
12,116,9,122,290,12,-1146,122,risk-seeking
13,116,9,252,280,12,504,252,risk-seeking
14,116,9,240,280,12,360,240,risk-seeking
15,116,9,107,280,12,-1236,107,risk-seeking
16,116,3,281,250,12,2250,250,risk-seeking
17,116,3,260,280,12,2280,260,risk-seeking
18,116,3,13,280,12,-684,13,risk-seeking
19,116,3,275,280,12,2460,275,risk-seeking
20,116,3,106,280,12,432,106,risk-seeking
21,116,3,155,280,12,1020,155,risk-seeking
23,116,3,12,280,12,-696,12,risk-seeking
24,116,3,167,300,12,1104,167,risk-seeking
25,116,3,146,280,12,912,146,risk-seeking
26,116,3,87,280,12,204,87,risk-seeking
27,116,3,180,280,12,1320,180,risk-seeking
28,116,3,188,280,12,1416,188,risk-seeking
29,116,3,77,280,12,84,77,risk-seeking
30,116,3,80,250,12,210,80,risk-seeking
1,120,9,210,280,12,0,210,risk-seeking
2,120,9,157,280,12,-636,157,risk-seeking
3,120,9,172,280,12,-456,172,risk-seeking
4,120,9,80,280,12,-1560,80,risk-seeking
5,120,9,82,280,12,-1536,82,risk-seeking
6,120,9,236,280,12,312,236,risk-seeking
7,120,9,2,250,12,-2226,2,risk-seeking
8,120,9,233,250,12,546,233,risk-seeking
9,120,9,244,280,12,408,244,risk-seeking
10,120,9,208,290,12,-114,208,risk-seeking
11,120,9,9,280,12,-2412,9,risk-seeking
12,120,9,122,275,12,-1011,122,risk-seeking
13,120,9,252,280,12,504,252,risk-seeking
14,120,9,240,250,12,630,240,risk-seeking
15,120,9,107,280,12,-1236,107,risk-seeking
16,120,3,281,280,12,2520,280,risk-seeking
17,120,3,260,280,12,2280,260,risk-seeking
18,120,3,13,260,12,-624,13,risk-seeking
19,120,3,275,280,12,2460,275,risk-seeking
20,120,3,106,250,12,522,106,risk-seeking
21,120,3,155,290,12,990,155,risk-seeking
22,120,3,233,280,12,1956,233,risk-seeking
23,120,3,12,280,12,-696,12,risk-seeking
24,120,3,167,280,12,1164,167,risk-seeking
25,120,3,146,280,12,912,146,risk-seeking
26,120,3,87,280,12,204,87,risk-seeking
27,120,3,180,280,12,1320,180,risk-seeking
28,120,3,188,250,12,1506,188,risk-seeking
29,120,3,77,275,12,99,77,risk-seeking
30,120,3,80,280,12,120,80,risk-seeking